eid,bundle_anim,bundle_trigger_time,hit_anim,hit_trigger_time,effect_play_delay,shake_target,shake_screen,accumulational_effect_play_delay
10000,attack_att,0.2,attack_hit,0,0,1,0,0
10001,attack_att,0.2,attack_hit,0,0,1,0,0
10002,attack_2_att,0.2,attack_2_hit,0,0,1,0,0
10003,attack_3_att,0.2,attack_3_hit,0,0,1,0,0
100000101,,0,HQMW_hit,0.8,0.4,0,0,0
100000111,,0,,0,0,0,0,0
100000102,,0,HQMW_hit,0.8,0.4,0,0,0
100000112,,0,,0,0,0,0,0
100000103,,0,HQMW_hit,0.8,0.4,0,0,0
100000113,,0,,0,0,0,0,0
100000104,,0,HQMW_hit,0.8,0.4,0,0,0
100000114,,0,,0,0,0,0,0
100000105,,0,1008_hit,1,0,0,0,0
100000115,,0,,0,0,0,0,0
100000106,,0,1008_hit,1,0,0,0,0
100000116,,0,,0,0,0,0,0
100101101,,0,1001_hit,0.1,0,1,1,0
100102101,,0,1002_hit,0.6,0,1,1,0
100102201,,0,,0.6,0,0,0,0
100103101,,0,1003_hit,0.7,0,0,0,0
100104101,,0,1004_hit,0,0,1,1,0
100104102,,0,1004_hit,0,0.15,1,1,0
100104103,,0,1004_hit,0,0.5,1,1,0
100105101,,0,1005_hit,0,0,0,0,0
100105111,,0,,0,0,0,0,0
100106101,,0,,0,0,0,0,0
100107101,,0,,0,0,0,0,0
100107111,,0,,0,0,0,0,0
100108101,,0,1008_hit,1,0,0,0,0
100108111,,0,,0,0,0,0,0
100109101,1009_att,0.2,1009_hit,0,0,1,1,0
100109201,,0,,0,0,0,0,0
100110101,,0,1010_hit,0.2,0,1,1,0
100111101,,0,1010_hit,0.2,0,1,1,0
100111102,,0,1010_hit,0.2,0,1,1,0
100111202,,0,,0.1,0,0,0,0
100111103,,0,1010_hit,0.2,0,1,1,0
100111203,,0,,0.1,0,0,0,0
100111104,,0,1010_hit,0.2,0,1,1,0
100111204,,0,,0.1,0,0,0,0
100111214,,0,,0,0,0,0,0
100111304,,0,,0.1,0,0,0,0
100111105,,0,1010_hit,0.2,0,1,1,0
100111205,,0,,0.1,0,0,0,0
100111215,,0,,0,0,0,0,0
100111305,,0,,0.1,0,0,0,0
100111106,,0,1010_hit,0.2,0,1,1,0
100111206,,0,,0.1,0,0,0,0
100111216,,0,,0,0,0,0,0
100111306,,0,,0,0,0,0,0
100111226,,0,,0,0,0,0,0
100111406,,0,,0.1,0,0,0,0
100111107,,0,1010_hit,0.2,0,1,1,0
100111207,,0,,0.1,0,0,0,0
100111217,,0,,0,0,0,0,0
100111307,,0,,0,0,0,0,0
100111227,,0,,0,0,0,0,0
100111407,,0,,0.1,0,0,0,0
100111108,,0,1010_hit,0.2,0,1,1,0
100111208,,0,,0.1,0,0,0,0
100111218,,0,,0,0,0,0,0
100111308,,0,,0,0,0,0,0
100111228,,0,,0,0,0,0,0
100111408,,0,,0.1,0,0,0,0
100112101,,0,1008_hit,1,0,0,0,0
100112111,,0,,0,0,0,0,0
100112102,,0,1008_hit,1,0,0,0,0
100112112,,0,,0,0,0,0,0
100112103,,0,1008_hit,1,0,0,0,0
100112113,,0,,0,0,0,0,0
100112104,,0,,0,0,0,0,0
100112204,,0,1008_hit,1,0,0,0,0
100112214,,0,,0,0,0,0,0
100112105,,0,,0,0,0,0,0
100112205,,0,1008_hit,1,0,0,0,0
100112215,,0,,0,0,0,0,0
100112106,,0,,0,0,0,0,0
100112206,,0,1008_hit,1,0,0,0,0
100112216,,0,,0,0,0,0,0
100112107,,0,,0,0,0,0,0
100112207,,0,1008_hit,1,0,0,0,0
100112217,,0,,0,0,0,0,0
100112108,,0,,0,0,0,0,0
100112208,,0,1008_hit,1,0,0,0,0
100112218,,0,,0,0,0,0,0
130111107,,0,1010_hit,0.2,0,1,1,0
130111207,,0,,0.1,0,0,0,0
130111307,,0,,0,0,0,0,0
130111407,,0,,0.1,0,0,0,0
130111507,,0,,0,0,1,0,0
130112107,,0,,0,0,0,0,0
140111108,,0,1010_hit,0.2,0,1,1,0
140111208,,0,,0.1,0,0,0,0
140111308,,0,,0,0,0,0,0
140111408,,0,,0.1,0,0,0,0
140111508,,0,,0,0,1,0,0
140112108,,0,,0,0,0,0,0
140112208,,0,1008_hit,1,0,0,0,0
150111107,,0,1010_hit,0.2,0,1,1,0
150111207,,0,,0.1,0,0,0,0
150111307,,0,,0,0,0,0,0
150111407,,0,,0.1,0,0,0,0
150111507,,0,,0,0,1,0,0
150112107,,0,,0,0,0,0,0
150112207,,0,1008_hit,1,0,0,0,0
150112217,,0,,0,0,0,0,0
160111108,,0,1010_hit,0.2,0,1,1,0
160111208,,0,,0.1,0,0,0,0
160111308,,0,,0,0,0,0,0
160111408,,0,,0.1,0,0,0,0
160111508,,0,,0,0,1,0,0
160112108,,0,,0,0,0,0,0
160112208,,0,1008_hit,1,0,0,0,0
160112218,,0,,0,0,0,0,0
170111101,,0,WSZN_hit,0,0,1,0,0
170111102,,0,,0,0,0,0,0
170111103,,0,WSZN_hit,0,0,1,0,0
170111104,,0,,0,0,0,0,0
170111105,,0,WSZN_hit,0,0,1,0,0
170111106,,0,,0,0,0,0,0
170112101,,0,BM_hit,0,0,1,0,0
170112111,,0,,0,0,0,0,0
170113101,,0,,0,0,0,0,0
100201101,2001_att,0.33,2001_hit,0,0,1,1,0
100201201,,0,,0,0,0,0,0
100201211,,0,,0,0,0,0,0
100202101,attack_2_att,0.2,attack_2_hit,0,0,1,1,0
100203101,,0,,0,0,0,0,0
100203111,,0,,0,0,0,0,0
100203201,2003_att,0.3,2003_hit,0,0,1,1,0
100204101,2004_att,0.3,2004_hit,0,0,1,1,0
100204201,,0,,0,0,0,0,0
100205101,,0,2005_hit,0.6,0,1,1,0
100205201,,0,,0.6,0,0,0,0
100206101,,0,,0,0,0,0,0
100207101,2007_att,0.45,2007_hit,0,0,1,1,0
100207201,,0,,0,0,0,0,0
100207211,,0,,0,0,0,0,0
100208101,,0,,0,0,0,0,0
100208111,,0,,0,0,0,0,0
100209101,2009_att,0.45,2009_hit,0.1,0,1,1,0
100210101,,0,2010_hit,0,0,1,1,0
100210102,,0,2010_hit,0,0.15,1,1,0
100210103,,0,2010_hit,0,0.3,1,1,0
100210204,,0,,0,0,0,0,0
100301101,,0,3001_hit,0.4,0,1,1,0
100302101,3002_att,1.2,3002_hit,0,0,1,1,0
100303101,,0,3003_hit,0,0,1,1,0
100303201,,0,,0,0,0,0,0
100303211,,0,,0,0,0,0,0
100304101,3004_att,0.45,3004_hit,0.05,0,1,1,0
100304201,,0.2,,0.1,0,0,0,0
100305101,3005_att,0.05,3005_hit,0,0,0,0,0
100305201,,0,,0,0,0,0,0
100305301,,0,,0,0,0,0,0
100307101,,0,3007_hit,2,0,1,1,0
100308101,,0,,0,0,0,0,0
100309101,,0,,0,0,0,0,0
100310101,,0,3010_hit,0,0,0,0,0
100310201,,0,,0,0,0,0,0
110001101,,0,SFKW_hit,0,0,1,1,0
110001201,,0.2,,0.1,0,0,0,0
110002101,attack_att,0.2,attack_hit,0,0,1,1,0
110002201,,0.2,,0.1,0,0,0,0
110101101,,0,,0,0,1,1,0
110101201,,0,,0,0,0,0,0
110102101,,0,SYZZ_hit,0.9,0,1,1,0
110102201,,0.2,,0.1,0,0,0,0
110102211,,0.2,,0.1,0,0,0,0
110201101,,0,TZQS_hit,0,0,1,1,0
110202101,attack_att,0.2,attack_hit,0,0,1,1,0
110202201,,0,,0,0,0,0,0
110301101,,0,JTHL_hit,0,0,1,1,0
110301201,,0.2,,0.1,0,0,0,0
110301211,,0.2,,0.1,0,0,0,0
110302101,attack_3_att,0.2,attack_3_hit,0,0,1,1,0
110302201,,0.2,,0.1,0,0,0,0
110401101,,0,SWSG_hit,0,0,1,1,0
110402101,attack_2_att,0.2,attack_2_hit,0,0,1,1,0
110402201,,0,,0,0,0,0,0
110501101,,0,YD_hit,2.3,0,1,1,0
110501201,,0.2,,0.1,0,0,0,0
110501211,,0.2,,0.1,0,0,0,0
110502101,attack_2_att,0.2,attack_2_hit,0,0,1,1,0
110601101,,0,GHZJ_hit,0,0,1,1,0
110601201,,0.2,,0.1,0,0,0,0
110602101,attack_att,0.2,attack_hit,0,0,1,1,0
110602201,,0.2,,0.1,0,0,0,0
110701101,,0,GDLL_hit,1.55,0,1,1,0
110701201,,0.2,,0.1,0,0,0,0
110702101,attack_att,0.2,attack_hit,0,0,1,1,0
110702201,,0.2,,0.1,0,0,0,0
110702211,,0.2,,0.1,0,0,0,0
110801101,HDCJ_att,0.8,HDCJ_hit,0,0,1,1,0
110802101,,0,,0,0,0,0,0
110802111,,0,,0,0,0,0,0
110901101,,0,MMWX_hit,0,0,1,1,0
110901201,,0.2,,0.1,0,0,0,0
110901211,,0.2,,0.1,0,0,0,0
110902101,attack_3_att,0.2,attack_3_hit,0,0,1,1,0
111001101,,0,BTXD_hit,1,0,1,1,0
111001201,,0.2,,1,0,0,0,0
111002101,attack_3_att,0.2,attack_3_hit,0,0,1,1,0
111002201,,0.2,,0.1,0,0,0,0
111101101,,0.2,,0.1,0,0,0,0
111101111,,0.2,,0.1,0,0,0,0
111101201,,0,SBDL_hit,0,0,1,1,0
111102101,,0,GYDBM_hit,0.25,0,1,1,0
111102201,,0,GYDBM_hit,0.5,0,1,1,0
111102301,,0,GYDBM_hit,0.75,0,1,1,0
1111011011,,0.2,,0.1,0,0,0,0
1111012011,,0,SBDL_hit,0,0,1,1,0
1111021011,,0,GYDBM_hit,0.25,0,1,1,0
1111022011,,0,GYDBM_hit,0.5,0,1,1,0
1111023011,,0,GYDBM_hit,0.75,0,1,1,0
111201101,,0,ZEMH_hit,0,0,1,1,0
111201201,,0.2,,0.1,0,0,0,0
111201211,,0.2,,0.1,0,0,0,0
111202101,attack_3_att,0.2,attack_3_hit,0,0,1,1,0
111301101,,0,YYCF_hit,0.4,0,1,1,0
111302101,attack_att,0.2,attack_hit,0,0,1,1,0
111401101,,0,QCPG_hit,0,0,1,1,0
111401102,,0,QCPG_hit,0,0.15,1,1,0
111401103,,0,QCPG_hit,0,0.5,1,1,0
111401201,,0.2,,0.1,0,0,0,0
111401211,,0.2,,0.1,0,0,0,0
111402101,attack_2_att,0.2,attack_2_hit,0,0,1,1,0
111501101,,0,SGZM_hit,0,0,1,1,0
111501201,,0.2,,0.1,0,0,0,0
111502101,,0,YYZC_hit,1.1,0,1,1,0
1115011011,,0,SGZM_hit,0,0,1,1,0
1115012011,,0.2,,0.1,0,0,0,0
1115021011,,0,YYZC_hit,1.1,0,1,1,0
111601101,,0,SJZY_hit,0,0,1,1,0
111602101,,0,,0,0,1,1,0
111602111,,0,,0,0,0,0,0
111701101,,0,MNCZ_hit,1.3,0,1,1,0
111702101,attack_att,0.2,attack_hit,0,0,1,1,0
111801101,,0,WQZY_hit,0,0,1,1,0
111801201,,0,,0,0,0,0,0
111801211,,0,,0,0,0,0,0
111802101,attack_2_att,0.2,attack_2_hit,0,0,1,1,0
111901101,TLSJ_att,0.2,TLSJ_hit,0,0,1,1,0
111902101,attack_2_att,0.2,attack_2_hit,0,0,1,1,0
111902201,,0.2,,0.1,0,0,0,0
112001101,AYZJ_att,0.45,AYZJ_hit,0,0,1,1,0
112001201,,0.2,,0.1,0,0,0,0
112002101,attack_2_att,0.2,attack_2_hit,0,0,1,1,0
112002201,,0.2,,0.1,0,0,0,0
112101101,,0,MYZW_hit,0,0,1,1,0
112102101,attack_3_att,0.2,attack_3_hit,0,0,1,1,0
112201101,,0,MRJF_hit,0.35,0,1,1,0
112201201,,0,,0,0,0,0,0
112201211,,0,,0,0,0,0,0
112202101,attack_att,0.2,attack_hit,0,0,1,1,0
112202201,,0.2,,0.1,0,0,0,0
112202211,,0.2,,0.1,0,0,0,0
112301101,,0,HAJL_hit,0.9,0,1,1,0
112301201,,0.2,,0.1,0,0,0,0
112301211,,0.2,,0.1,0,0,0,0
112301301,,0.2,,0.1,0,0,0,0
112302101,attack_att,0.2,attack_hit,0,0,1,1,0
112302201,,0.2,,0.1,0,0,0,0
112302211,,0.2,,0.1,0,0,0,0
112401101,,0,WHYJ_hit,0,0,1,1,0
112402101,,0,WCBT_hit,0,0,0,0,0
1124011011,,0,WHYJ_hit,0,0,1,1,0
1124021011,,0,WCBT_hit,0,0,0,0,0
112501101,,0,TJBG_hit,0,0,1,1,0
112501201,,0.2,,0.1,0,0,0,0
112502101,attack_3_att,0.2,attack_3_hit,0,0,1,1,0
112502201,,0.2,,0.1,0,0,0,0
112601101,,0,MYTX_hit,0.35,0,1,1,0
112601201,,0.2,,0.1,0,0,0,0
112601211,,0.2,,0.1,0,0,0,0
112601301,,0.2,,0.1,0,0,0,0
112601401,,0.2,,0.1,0,0,0,0
112601411,,0.2,,0.1,0,0,0,0
112602101,attack_2_att,0.2,attack_2_hit,0,0,1,1,0
112602201,,0.2,,0.1,0,0,0,0
112701101,HQSJ_att,0.4,HQSJ_hit,0,0,0,0,0
112701201,,0.2,,0.1,0,0,0,0
112701211,,0.2,,0.1,0,1,1,0
112702101,attack_2_att,0.2,attack_2_hit,0,0,1,1,0
112801101,,0,LYMS_hit,1,0,1,1,0
112802101,attack_3_att,0.2,attack_3_hit,0,0,1,1,0
112802201,,0.2,,0.1,0,0,0,0
112802211,,0.2,,0.1,0,0,0,0
112901101,,0,SZGM_hit,0,0,1,1,0
112902101,attack_2_att,0.2,attack_2_hit,0,0,1,1,0
112902201,,0.2,,0,0,0,0,0
113001101,YYJL_att,0.2,YYJL_hit,0.7,0,1,1,0
113002101,,0,MDZY_hit,0.3,0,1,1,0
113002201,,0,,0,0,0,0,0
113002211,,0,,0,0,0,0,0
1130011011,YYJL_att,0.2,YYJL_hit,0.7,0,1,1,0
1130021011,,0,MDZY_hit,0.3,0,1,1,0
113101101,,0,YCZX_hit,0,0,1,1,0
113101201,,0.2,,0.1,0,0,0,0
113102101,,0,BZJ_hit,0,0,1,1,0
113102201,,0.2,,0.1,0,0,0,0
113102211,,0.2,,0.1,0,0,0,0
1131011011,,0,YCZX_hit,0,0,1,1,0
1131012011,,0.2,,0.1,0,0,0,0
1131013011,,0,,0,0,0,0,0
1131021011,,0,BZJ_hit,0,0,1,1,0
1131022011,,0.2,,0.1,0,0,0,0
1131022111,,0.2,,0.1,0,0,0,0
113201101,,0,YGTJ_hit,0.55,0,1,1,0
113201201,,0.2,,0.1,0,0,0,0
113202101,attack_2_att,0.2,attack_2_hit,0,0,1,1,0
113301101,,0,DYZS_hit,0.4,0,1,1,0
113301201,,0.2,,0.1,0,0,0,0
113302101,,0,SXCC_hit,0,0,1,1,0
113401101,,0,YHZQ_hit,0.18,0,1,1,0
113402101,,0,SWFB_hit,1,0,1,1,0
113402201,,0,,0,1,0,0,0
1134011011,,0,YHZQ_hit,0.18,0,1,1,0
1134021011,,0,SWFB_hit,1,0,1,1,0
1134022011,,0,,0,1,0,0,0
113501101,HYJY_att,0.3,HYJY_hit,0,0,1,1,0
113501201,,0,,0,0,0,0,0
113501211,,0,,0,0,0,0,0
113502101,attack_2_att,0.2,attack_2_hit,0,0,1,1,0
113502201,,0.2,,0.1,0,0,0,0
113601101,LSZY_att,0.35,LSZY_hit,0,0,0,0,0
113601201,LSZY_att,0.35,LSZY_hit,0,0.4,0,0,0
113601301,LSZY_att,0.35,LSZY_hit,0,0.8,0,0,0
113601401,LSZY_att,0.35,LSZY_hit,0,1.2,0,0,0
113601501,LSZY_att,0.35,LSZY_hit,0,1.6,0,0,0
113601601,LSZY_att,0.35,LSZY_hit,0,2.0,0,0,0
113601701,LSZY_att,0.35,LSZY_hit,0,2.4,0,0,0
113601801,LSZY_att,0.35,LSZY_hit,0,2.8,0,0,0
113601901,,0,,0,0,0,0,0
113602101,,0,TYFB_hit,0,0,1,1,0
113602201,,0,,0,0,0,0,0
113602301,,0,,0,0,0,0,0
113602211,,0,,0,0,0,0,0
123601101,LSZY_att,0.35,LSZY_hit,0,0,0,0,0
123601201,,0,,0,0.4,0,0,0
123601301,LSZY_att,0.35,LSZY_hit,0,0.4,0,0,0
123601401,,0,,0,0.8,0,0,0
123601501,LSZY_att,0.35,LSZY_hit,0,0.8,0,0,0
123601601,,0,,0,1.2,0,0,0
123601701,LSZY_att,0.35,LSZY_hit,0,1.2,0,0,0
123601801,,0,,0,1.6,0,0,0
123601901,LSZY_att,0.35,LSZY_hit,0,1.6,0,0,0
1236011001,,0,,0,2.0,0,0,0
1236011101,LSZY_att,0.35,LSZY_hit,0,2.0,0,0,0
1236011201,,0,,0,2.4,0,0,0
1236011301,LSZY_att,0.35,LSZY_hit,0,2.4,0,0,0
1236011401,,0,,0,2.8,0,0,0
1236011501,LSZY_att,0.35,LSZY_hit,0,2.8,0,0,0
1236011601,,0,,0,3.2,0,0,0
1236011701,,0,,0,0,0,0,0
123602101,,0,TYFB_hit,0,0,1,1,0
123602201,,0,,0,0,0,0,0
123602301,,0,,0,0,0,0,0
123602211,,0,,0,0,0,0,0
1136011011,LSZY_att,0.35,LSZY_hit,0,0,0,0,0
1136012011,LSZY_att,0.35,LSZY_hit,0,0.4,0,0,0
1136013011,LSZY_att,0.35,LSZY_hit,0,0.8,0,0,0
1136014011,LSZY_att,0.35,LSZY_hit,0,1.2,0,0,0
1136015011,LSZY_att,0.35,LSZY_hit,0,1.6,0,0,0
1136016011,LSZY_att,0.35,LSZY_hit,0,2.0,0,0,0
1136017011,LSZY_att,0.35,LSZY_hit,0,2.4,0,0,0
1136018011,LSZY_att,0.35,LSZY_hit,0,2.8,0,0,0
1136019011,,0,,0,0,0,0,0
1136019021,,0,,0,0,0,0,0
1136019031,,0,,0,0,0,0,0
133602101,,0,TYFB_hit,0,0,1,1,0
133602201,,0,,0,0,0,0,0
133602301,,0,,0,0,0,0,0
133602111,,0,,0,0,0,0,0
1236011011,LSZY_att,0.35,LSZY_hit,0,0,0,0,0
1236012011,,0,,0,0.4,0,0,0
1236013011,LSZY_att,0.35,LSZY_hit,0,0.4,0,0,0
1236014011,,0,,0,0.8,0,0,0
1236015011,LSZY_att,0.35,LSZY_hit,0,0.8,0,0,0
1236016011,,0,,0,1.2,0,0,0
1236017011,LSZY_att,0.35,LSZY_hit,0,1.2,0,0,0
1236018011,,0,,0,1.6,0,0,0
1236019011,LSZY_att,0.35,LSZY_hit,0,1.6,0,0,0
1236110011,,0,,0,2.0,0,0,0
1236111011,LSZY_att,0.35,LSZY_hit,0,2.0,0,0,0
1236112011,,0,,0,2.4,0,0,0
1236113011,LSZY_att,0.35,LSZY_hit,0,2.4,0,0,0
1236114011,,0,,0,2.8,0,0,0
1236115011,LSZY_att,0.35,LSZY_hit,0,2.8,0,0,0
1236116011,,0,,0,3.2,0,0,0
1236117011,,0,,0,0,0,0,0
1236117021,,0,,0,0,0,0,0
1236117031,,0,,0,0,0,0,0
1236117041,,0,,0,0,0,0,0
1236117051,,0,,0,0,0,0,0
1236117061,,0,,0,0,0,0,0
1236117071,,0,,0,0,0,0,0
1236117081,,0,,0,0,0,0,0
143602101,,0,TYFB_hit,0,0,1,1,0
143602201,,0,,0,0,0,0,0
143602301,,0,,0,0,0,0,0
143602311,,0,,0,0,0,0,0
153601101,,0,,0,0,0,0,0
153601111,,0,,0,0,0,0,0
153601201,,0,,0,0,0,0,0
153601211,,0,,0,0,0,0,0
113701101,,0,,0,0,0,0,0
113701111,,0,,0,0,0,0,0
113701201,2003_att,0.3,2003_hit,0,0,1,1,0
113702101,,0,,0,0,1,1,0
113702111,,0,,0,0,0,0,0
113702201,,0,,0,0,0,0,0
113702301,,0,,0,0,0,0,0
113801101,,0,,0,0,0,0,0
113801201,,0,HSSL_hit,1.2,0,1,1,0
113801211,,0,,0,0,0,0,0
113801311,,0,,0,0,0,0,0
113801411,,0,,0,0,0,0,0
113802101,,0,CZXS_hit,0,0,0,1,0
113802201,,0,,0,0,0,0,0
113802301,,0,,0,0,0,0,0
123801101,,0,,0,0,0,0,0
123801201,,0,HSSL_hit,1.2,0,1,1,0
123801211,,0,,0,0,0,0,0
123801311,,0,,0,0,0,0,0
123801411,,0,,0,0,0,0,0
123801511,,0,,0,0,0,0,0
123801611,,0,,0,0,0,0,0
123802101,,0,CZXS_hit,0,0,0,1,0
123802201,,0,,0,0,0,0,0
123802301,,0,,0,0,0,0,0
123802311,,0,,0,0,0,0,0
123802401,,0,,0,0,0,0,0
133801101,,0,,0,0,0,0,0
133801201,,0,HSSL_hit,1.2,0,1,1,0
133801211,,0,,0,0,0,0,0
133801212,,0,,0,0,0,0,0
133802101,,0,CZXS_hit,0,0,0,1,0
143801101,,0,,0,0,0,0,0
143801201,,0,HSSL_hit,1.2,0,1,1,0
143801211,,0,,0,0,0,0,0
143801212,,0,,0,0,0,0,0
143802101,,0,CZXS_hit,0,0,0,1,0
153801101,,0,,0,0,0,0,0
153801111,,0,,0,0,0,0,0
153801201,,0,,0,0,0,0,0
113901101,,0,,0,0,0,0,0
113901201,,0,3010_hit,0,0,0,1,0
113901301,,0,,0,0,0,0,0
113901311,,0,,0,0,0,0,0
113902101,attack_3_att,0.2,attack_3_hit,0,0,1,1,0
114001201,,0,1008_hit,1,0,0,0,0
114001111,,0,,0,0,0,0,0
114001301,,0,1008_hit,1,0,0,0,0
114001211,,0,,0,0,0,0,0
114001101,,0,1001_hit,0.1,0,1,1,0
114002101,,0,,0,0,0,0,0
114002201,,0,1002_hit,0.6,0,1,1,0
114002301,,0,,0.6,0,0,0,0
114101101,,0,3003_hit,0,0,1,1,0
114101201,,0,,0,0,0,0,0
114101211,,0,,0,0,0,0,0
114102101,3004_att,0.45,3004_hit,0.05,0,1,1,0
114102201,,0,,0.1,0,0,0,0
124101101,,0,3003_hit,0,0,1,1,0
124101201,,0,,0,0,0,0,0
124101211,,0,,0,0,0,0,0
124102101,3004_att,0.45,3004_hit,0.05,0,1,1,0
124102201,,0,,0.1,0,0,0,0
1141011011,,0,3003_hit,0,0,1,1,0
1141021011,3004_att,0.45,3004_hit,0.05,0,1,1,0
1241011011,,0,3003_hit,0,0,1,1,0
1241021011,3004_att,0.45,3004_hit,0.05,0,1,1,0
114501101,,0,,0,0,0,0,0
114501111,,0,,0,0,0,0,0
114501201,,0,YYCF_hit,0.4,0,1,1,0
114501301,,0,YYCF_hit,0.4,0.2,1,0,0
114501401,,0,YYCF_hit,0.4,0.4,1,0,0
114502101,attack_2_att,0.2,attack_2_hit,0,0,1,1,0
114502201,,0,,0,0,0,0,0
114601101,,0,1003_hit,0.7,0,0,0,0
114601201,,0,,0,0,0,0,0
114601211,,0,,0,0,0,0,0
114602101,2004_att,0.3,2004_hit,0,0,0,0,0
114602201,,0,,0,0,0,0,0
114602211,,0,,0,0,0,0,0
124601101,,0,1003_hit,0.7,0,0,0,0
124601201,,0,,0,0,0,0,0
124601211,,0,,0,0,0,0,0
124601301,,0,,0,0,0,0,0
124601311,,0,,0,0,0,0,0
124602101,2004_att,0.3,2004_hit,0,0,0,0,0
124602201,,0,,0,0,0,0,0
124602211,,0,,0,0,0,0,0
124602301,AYZJ_att,0.45,AYZJ_hit,0,0,0,0,0
124602311,,0,,0,0,0,0,0
134601101,,0,1003_hit,0.7,0,0,0,0
134601201,,0,,0,0,0,0,0
134601301,,0,,0,0,0,0,0
134601311,,0,,0,0,0,0,0
134602101,2004_att,0.3,2004_hit,0,0,0,0,0
144601101,,0,1003_hit,0.7,0,0,0,0
144601201,,0,,0,0,0,0,0
144601301,,0,,0,0,0,0,0
144601401,,0,,0,0,0,0,0
144602101,2004_att,0.3,2004_hit,0,0,0,0,0
154601101,,0,,0,0,0,0,0
154601111,,0,,0,0,0,0,0
154602101,,0,,0,0,0,0,0
154602111,,0,,0,0,0,0,0
114701101,,0,HQZS_hit,0.8,0,1,0,0
114701102,,0,HQZS_hit,0.8,1.2,1,1,0
114701103,,0,HQZS_hit,0.8,2.4,1,1,0
114701201,,0,,0.8,0,0,0,0
114702101,,0,,0,0,1,0,0
114702201,,0,HQMW_hit,0.8,0.4,0,0,0
1147011011,,0,HQZS_hit,0.8,0,1,0,0
1147011021,,0,HQZS_hit,0.8,1.2,1,1,0
1147011031,,0,HQZS_hit,0.8,2.4,1,1,0
1147011041,,0,HQZS_hit,0.8,3.6,1,1,0
1147011051,,0,HQZS_hit,0.8,4.8,1,1,0
1147011061,,0,HQZS_hit,0.8,6,1,1,0
1147012011,,0,,0.8,0,0,0,0
1147021011,,0,,0,0,1,0,0
1147022011,,0,HQMW_hit,0.8,0.4,0,0,0
114801101,,0,SGZY_hit,0,0,0,0,0
114801201,,0,,0,0,0,0,0
114801211,,0,,0,0,0,0,0
114802101,,0,GZSL_hit,0,0,0,0,0
114802201,,0,,0,0,0,0,0
114802211,,0,,0,0,0,0,0
124801101,,0,SGZY_hit,0,0,0,0,0
124801201,,0,,0,0,0,0,0
124801211,,0,,0,0,0,0,0
124801301,,0,,0,0,0,0,0
124801311,,0,,0,0,0,0,0
124802101,,0,GZSL_hit,0,0,0,0,0
124802201,,0,,0,0,0,0,0
124802211,,0,,0,0,0,0,0
124802301,,0,,0,0,0,0,0
124802401,,0,,0,0,0,0,0
1348011000,,0,,0,0,0,0,0
1348011001,,0,,0,0,0,0,0
1348011011,,0,,0,0,0,0,0
134801101,,0,SGZY_hit,0,0,0,0,0
1348021000,,0,,0,0,0,0,0
1348021001,,0,,0,0,0,0,0
134802101,,0,GZSL_hit,0,0,0,0,0
1448011000,,0,,0,0,0,0,0
1448011001,,0,,0,0,0,0,0
144801101,,0,SGZY_hit,0,0,0,0,0
1448021000,,0,,0,0,0,0,0
1448021001,,0,,0,0,0,0,0
144802101,,0,GZSL_hit,0,0,0,0,0
154801101,,0,,0,0,0,0,0
154801111,,0,,0,0,0,0,0
154802101,,0,SGZY_hit2,0,0,0,0,0
154802111,,0,,0,0,0,0,0
114901101,,0,ZXZK_hit,0,0,1,1,0
114901201,,0,,0,0,0,0,0
114902101,,0,ZSHH_hit,0,0,1,1,0
114902201,,0,,0,0,0,0,0
124901101,,0,ZXZK_hit,0,0,1,1,0
124901201,,0,,0,0,0,0,0
124901211,,0,,0,0,0,0,0
124901301,,0,,0,0,0,0,0
124902101,,0,ZSHH_hit,0,0,1,1,0
124902201,,0,,0,0,0,0,0
134901101,,0,ZXZK_hit,0,0,1,1,0
134901201,,0,,0,0,0,0,0
134901211,,0,,0,0,0,0,0
134901301,,0,,0,0,0,0,0
134902101,,0,ZSHH_hit,0,0,1,1,0
134902201,,0,,0,0,0,0,0
144901101,,0,ZXZK_hit,0,0,1,1,0
144901201,,0,,0,0,0,0,0
144901211,,0,,0,0,0,0,0
144901301,,0,,0,0,0,0,0
144902101,,0,ZSHH_hit,0,0,1,1,0
144902201,,0,,0,0,0,0,0
154901101,,0,ZSHH_hit,0,0,0,0,0
115001101,,0,YQHJ_hit,0,0,1,1,0
115001201,,0,,0,0,0,0,0
115001211,,0,,0,0,0,0,0
115002101,,0,,0,0,0,0,0
115002201,,0,XWZR_hit,0.45,0,1,1,0
125001101,,0,YQHJ_hit,0,0,1,1,0
125001201,,0,,0,0,0,0,0
125001211,,0,,0,0,0,0,0
125001301,,0,,0,0,0,0,0
125001401,,0,,0,0,0,0,0
125002101,,0,,0,0,0,0,0
125002201,,0,,0,0,0,0,0
125002301,,0,XWZR_hit,0.45,0,1,1,0
135001101,,0,YQHJ_hit,0,0,1,1,0
135001201,,0,,0,0,0,0,0
135001211,,0,,0,0,0,0,0
135001301,,0,,0,0,0,0,0
135001401,,0,,0,0,0,0,0
135002101,,0,,0,0,0,0,0
135002201,,0,XWZR_hit,0.45,0,1,1,0
145001101,,0,YQHJ_hit,0,0,1,1,0
145001201,,0,,0,0,0,0,0
145001211,,0,,0,0,0,0,0
145001301,,0,,0,0,0,0,0
145001401,,0,,0,0,0,0,0
145002101,,0,,0,0,0,0,0
145002201,,0,,0,0,0,0,0
145002301,,0,XWZR_hit,0.45,0,1,1,0
155001101,,0,,0,0,0,0,0
155001111,,0,,0,0,0,0,0
155001201,,0,,0,0,0,0,0
155001211,,0,,0,0,0,0,0
155001301,,0,,0,0,0,0,0
155001311,,0,,0,0,0,0,0
155002101,,0,,0,0,0,0,0
155002201,,0,CHSY_hit,0,0,0,0,0
155002301,,0,,0,0,0,0,0
115101101,,0,SZYZ_hit,0,0,1,0,0
115101201,,0,,0,0,0,0,0
115102101,,0,GZZC_hit,0.9,1,1,0,0
115102201,,0,,0.1,0,0,0,0
115102211,,0,,0.1,0,0,0,0
1151011011,,0,SZYZ_hit,0,0,1,0,0
1151021011,,0,GZZC_hit,0.9,1,1,0,0
115201101,,0,HTZ_hit,0.1,0,0,0,0
115201201,,0,,0.1,0,0,0,0
115201211,,0,,0.1,0,0,0,0
115201301,,0,HTZ_hit,0.3,0,0,0,0
115201401,,0,,0.1,0,0,0,0
115201411,,0,,0.1,0,0,0,0
115201501,,0,HTZ_hit,0.7,0,0,0,0
115201601,,0,,0.2,0,0,0,0
115201611,,0,,0.2,0,0,0,0
115202101,,0,SMZ_hit,0,0.1,0,0,0
115202201,,0,,0,0,0,0,0
115202301,,0,,0,0,0,0,0
115202401,,0,,0,0,0,0,0
115202501,,0,,0,0,0,0,0
115202601,,0,,0,0,0,0,0
115202701,,0,,0,0,0,0,0
115202801,,0,,0,0,0,0,0
115202901,,0,,0,0,0,0,0
1152021001,,0,,0,0,0,0,0
1152021101,,0,,0,0,0,0,0
1152021201,,0,,0,0,0,0,0
1152021301,,0,,0,0,0,0,0
1152021401,,0,,0,0,0,0,0
1152021501,,0,,0,0,0,0,0
1152021601,,0,,0,0,0,0,0
1152021701,,0,,0,0,0,0,0
1152021801,,0,,0,0,0,0,0
1152021901,,0,,0,0,0,0,0
125201101,,0,HTZ_hit,0.1,0,0,0,0
125201201,,0,,0.1,0,0,0,0
125201211,,0,,0.1,0,0,0,0
125201221,,0,,0,0,0,0,0
125201231,,0,,0,0,0,0,0
125201301,,0,HTZ_hit,0.3,0,0,0,0
125201401,,0,,0.1,0,0,0,0
125201411,,0,,0.1,0,0,0,0
125201421,,0,,0,0,0,0,0
125201431,,0,,0,0,0,0,0
125201501,,0,HTZ_hit,0.7,0,0,0,0
125201601,,0,,0.2,0,0,0,0
125201611,,0,,0.2,0,0,0,0
125201621,,0,,0,0,0,0,0
125201631,,0,,0,0,0,0,0
125202101,,0,,0,0.1,0,0,0
125202201,,0,SMZ_hit,0,0,0,0,0
125202301,,0,,0,0,0,0,0
125202401,,0,,0,0,0,0,0
125202501,,0,,0,0,0,0,0
125202601,,0,,0,0,0,0,0
125202701,,0,,0,0,0,0,0
125202801,,0,,0,0,0,0,0
125202901,,0,,0,0,0,0,0
1252021001,,0,,0,0,0,0,0
1252021101,,0,,0,0,0,0,0
1252021201,,0,,0,0,0,0,0
1252021301,,0,,0,0,0,0,0
1252021401,,0,,0,0,0,0,0
1252021501,,0,,0,0,0,0,0
1252021601,,0,,0,0,0,0,0
1252021701,,0,,0,0,0,0,0
1252021801,,0,,0,0,0,0,0
1252021901,,0,,0,0,0,0,0
1252022001,,0,,0,0,0,0,0
135201101,,0,HTZ_hit,0.1,0,0,0,0
135201201,,0,,0.1,0,0,0,0
135201301,,0,HTZ_hit,0.3,0,0,0,0
135201401,,0,,0.1,0,0,0,0
135201501,,0,HTZ_hit,0.7,0,0,0,0
135201601,,0,,0.2,0,0,0,0
135202101,,0,SMZ_hit,0,0.1,0,0,0
135202201,,0,,0,0,0,0,0
135202301,,0,,0,0,0,0,0
135202401,,0,,0,0,0,0,0
135202501,,0,,0,0,0,0,0
135202601,,0,,0,0,0,0,0
135202701,,0,,0,0,0,0,0
135202801,,0,,0,0,0,0,0
135202901,,0,,0,0,0,0,0
1352021001,,0,,0,0,0,0,0
1352021101,,0,,0,0,0,0,0
1352021201,,0,,0,0,0,0,0
1352021301,,0,,0,0,0,0,0
1352021401,,0,,0,0,0,0,0
1352021501,,0,,0,0,0,0,0
1352021601,,0,,0,0,0,0,0
1352021701,,0,,0,0,0,0,0
1352021801,,0,,0,0,0,0,0
1352021901,,0,,0,0,0,0,0
145201101,,0,HTZ_hit,0.1,0,0,0,0
145201201,,0,,0.1,0,0,0,0
145201221,,0,,0,0,0,0,0
145201301,,0,HTZ_hit,0.3,0,0,0,0
145201401,,0,,0.1,0,0,0,0
145201421,,0,,0,0,0,0,0
145201501,,0,HTZ_hit,0.7,0,0,0,0
145201601,,0,,0.2,0,0,0,0
145201621,,0,,0,0,0,0,0
145202101,,0,,0,0.1,0,0,0
145202201,,0,SMZ_hit,0,0,0,0,0
145202301,,0,,0,0,0,0,0
145202401,,0,,0,0,0,0,0
145202501,,0,,0,0,0,0,0
145202601,,0,,0,0,0,0,0
145202701,,0,,0,0,0,0,0
145202801,,0,,0,0,0,0,0
145202901,,0,,0,0,0,0,0
1452021001,,0,,0,0,0,0,0
1452021101,,0,,0,0,0,0,0
1452021201,,0,,0,0,0,0,0
1452021301,,0,,0,0,0,0,0
1452021401,,0,,0,0,0,0,0
1452021501,,0,,0,0,0,0,0
1452021601,,0,,0,0,0,0,0
1452021701,,0,,0,0,0,0,0
1452021801,,0,,0,0,0,0,0
1452021901,,0,,0,0,0,0,0
155201101,,0,,0,0,0,0,0
155201201,,0,,0,0,0,0,0
155201301,,0,,0,0,0,0,0
155201311,,0,,0,0,0,0,0
115301101,,0,QYMM_hit,1.4,0,1,0,0
115301111,,0,,0,0,0,0,0
115301201,,0,,1.5,0,0,0,0
115301301,,0,,0,0,0,0,0
115301311,,0,,0,0,0,0,0
115301401,,0,,1.5,0,0,0,0
115301501,,0,,0,0,0,0,0
115301511,,0,,0,0,0,0,0
115301601,,0,,1.5,0,0,0,0
115301701,,0,,0,0,0,0,0
115301711,,0,,0,0,0,0,0
115301801,,0,,1.5,0,0,0,0
115301901,,0,,0,0,0,0,0
115301911,,0,,0,0,0,0,0
1153011001,,0,,1.5,0,0,0,0
115302201,,0,,0,0,0,0,0
115302211,,0,,0.1,0,0,0,0
115302101,,0,YTZX_hit,0,0,0,0,0
115302401,,0,,0,0,0,0,0
115302411,,0,,0,0,0,0,0
115302301,,0,,0.1,0,0,0,0
115302601,,0,,0,0,0,0,0
115302611,,0,,0,0,0,0,0
115302501,,0,,0.1,0,0,0,0
115302801,,0,,0,0,0,0,0
115302701,,0,,0.1,0,0,0,0
1153021001,,0,,0,0,0,0,0
1153021011,,0,,0,0,0,0,0
115302901,,0,,0.1,0,0,0,0
125301101,,0,QYMM_hit,1.4,0,1,0,0
125301111,,0,,0,0,0,0,0
125301201,,0,,1.5,0,0,0,0
125301301,,0,,0,0,0,0,0
125301311,,0,,0,0,0,0,0
125301401,,0,,0,0,0,0,0
125301411,,0,,0,0,0,0,0
125301501,,0,,1.5,0,0,0,0
125301601,,0,,0,0,0,0,0
125301611,,0,,0,0,0,0,0
125301701,,0,,0,0,0,0,0
125301711,,0,,0,0,0,0,0
125301801,,0,,1.5,0,0,0,0
125301901,,0,,0,0,0,0,0
125301911,,0,,0,0,0,0,0
1253011001,,0,,0,0,0,0,0
1253011011,,0,,0,0,0,0,0
1253011101,,0,,1.5,0,0,0,0
1253011201,,0,,0,0,0,0,0
1253011211,,0,,0,0,0,0,0
1253011301,,0,,0,0,0,0,0
1253011311,,0,,0,0,0,0,0
1253011401,,0,,1.5,0,0,0,0
1253011501,,0,,0,0,0,0,0
1253011511,,0,,0,0,0,0,0
125302201,,0,,0,0,0,0,0
125302211,,0,,0.1,0,0,0,0
125302101,,0,YTZX_hit,0,0,0,0,0
125302401,,0,,0,0,0,0,0
125302411,,0,,0,0,0,0,0
125302301,,0,,0.1,0,0,0,0
125302601,,0,,0,0,0,0,0
125302611,,0,,0,0,0,0,0
125302501,,0,,0.1,0,0,0,0
125302801,,0,,0,0,0,0,0
125302701,,0,,0.1,0,0,0,0
1253021001,,0,,0,0,0,0,0
1253021011,,0,,0,0,0,0,0
125302901,,0,,0,0,0,0,0
1253021201,,0,,0,0,0,0,0
1253021101,,0,,0,0,0,0,0
1253021401,,0,,0,0,0,0,0
1253021301,,0,,0,0,0,0,0
1253021601,,0,,0,0,0,0,0
1253021501,,0,,0,0,0,0,0
1253021801,,0,,0,0,0,0,0
1253021701,,0,,0,0,0,0,0
1253022001,,0,,0,0,0,0,0
1253021901,,0,,0,0,0,0,0
1153011011,,0,QYMM_hit,1.4,0,1,0,0
1153012011,,0,,1.5,0,0,0,0
1153012012,,0,,0,0,0,0,0
1153012013,,0,,0,0,0,0,0
1153013011,,0,,0,0,0,0,0
1153014011,,0,,1.5,0,0,0,0
1153014012,,0,,0,0,0,0,0
1153014013,,0,,0,0,0,0,0
1153015011,,0,,0,0,0,0,0
1153016011,,0,,1.5,0,0,0,0
1153016012,,0,,0,0,0,0,0
1153016013,,0,,0,0,0,0,0
1153017011,,0,,0,0,0,0,0
1153018011,,0,,1.5,0,0,0,0
1153018012,,0,,0,0,0,0,0
1153018013,,0,,0,0,0,0,0
1153019011,,0,,0,0,0,0,0
1153110011,,0,,1.5,0,0,0,0
1153110012,,0,,0,0,0,0,0
1153110013,,0,,0,0,0,0,0
1153022011,,0,,0,0,0,0,0
115321011,,0,YTZX_hit,0,0,0,0,0
1153024011,,0,,0,0,0,0,0
1153023011,,0,,0.1,0,0,0,0
1153026011,,0,,0,0,0,0,0
1153025011,,0,,0.1,0,0,0,0
1153028011,,0,,0,0,0,0,0
1153027011,,0,,0.1,0,0,0,0
1153210011,,0,,0,0,0,0,0
1153029011,,0,,0.1,0,0,0,0
125311011,,0,QYMM_hit,1.4,0,1,0,0
1253012011,,0,,1.5,0,0,0,0
1253012012,,0,,0,0,0,0,0
1253013011,,0,,0,0,0,0,0
1253014011,,0,,0,0,0,0,0
1253015011,,0,,1.5,0,0,0,0
1253015012,,0,,0,0,0,0,0
1253016011,,0,,0,0,0,0,0
1253017011,,0,,0,0,0,0,0
1253018011,,0,,1.5,0,0,0,0
1253018012,,0,,0,0,0,0,0
1253019011,,0,,0,0,0,0,0
1253110011,,0,,0,0,0,0,0
1253111011,,0,,1.5,0,0,0,0
1253111012,,0,,0,0,0,0,0
1253112011,,0,,0,0,0,0,0
1253113011,,0,,0,0,0,0,0
1253114011,,0,,1.5,0,0,0,0
1253114012,,0,,0,0,0,0,0
1253115011,,0,,0,0,0,0,0
1253022011,,0,,0,0,0,0,0
125321011,,0,YTZX_hit,0,0,0,0,0
1253024011,,0,,0,0,0,0,0
1253023011,,0,,0.1,0,0,0,0
1253026011,,0,,0,0,0,0,0
1253025011,,0,,0.1,0,0,0,0
1253028011,,0,,0,0,0,0,0
1253027011,,0,,0.1,0,0,0,0
1253210011,,0,,0,0,0,0,0
1253029011,,0,,0,0,0,0,0
1253212011,,0,,0,0,0,0,0
1253211011,,0,,0,0,0,0,0
1253214011,,0,,0,0,0,0,0
1253213011,,0,,0,0,0,0,0
1253216011,,0,,0,0,0,0,0
1253215011,,0,,0,0,0,0,0
1253218011,,0,,0,0,0,0,0
1253217011,,0,,0,0,0,0,0
1253220011,,0,,0,0,0,0,0
1253219011,,0,,0,0,0,0,0
135301111,,0,,0,0,0,0,0
155301101,,0,,0,0,0,0,0
155301111,,0,,0,0,0,0,0
155302101,,0,QYZD_hit,0,0,0,0,0
155302201,,0,,0,0,0,0,0
115401101,,0,BSLX_hit,1.3,0,0,0,0
115401201,,0,,0,0,0,0,0
115401301,,0,,0,0,0,0,0
115402101,,0,3006_hit,0.3,0,0,0,0
100306111,,0,,0,0,0,0,0
100306121,,0,,0,0,0,0,0
125401101,,0,BSLX_hit,1.3,0,0,0,0
125401201,,0,,0,0,0,0,0
125401301,,0,,0,0,0,0,0
125401401,,0,,0,0,0,0,0
125401411,,0,,0,0,0,0,0
125401501,,0,,0,0,0,0,0
125401511,,0,,0,0,0,0,0
125402101,,0,3006_hit,0.3,0,0,0,0
125402111,,0,,0,0,0,0,0
125402121,,0,,0,0,0,0,0
125402201,,0,,0,0,0,0,0
125402211,,0,,0,0,0,0,0
125402301,,0,,0,0,0,0,0
125402221,,0,,0,0,0,0,0
125402401,,0,,0,0,0,0,0
135401101,,0,BSLX_hit,1.3,0,0,0,0
135401201,,0,,0,0,0,0,0
135402101,,0,3006_hit,0.3,0,0,0,0
145401101,,0,BSLX_hit,1.3,0,0,0,0
145401201,,0,,0,0,0,0,0
145402101,,0,3006_hit,0.3,0,0,0,0
155401101,,0,SYBY_hit,0,0,0,0,0
155401111,,0,,0,0,0,0,0
155402101,,0,,0,0,0,0,0
155402201,,0,,0,0,0,0,0
155402211,,0,,0,0,0,0,0
115501101,,0,TKLX_hit,1.0,0,0,0,0
115501201,,0,,0,0,0,0,0
115501211,,0,,0,0,0,0,0
115502101,LYLD_att,0.3,LYLD_hit,0,0,0,0,0
115502201,LYLD_att,0.3,LYLD_hit,0,0.4,0,0,0
115502301,LYLD_att,0.3,LYLD_hit,0,0.8,0,0,0
115502401,LYLD_att,0.3,LYLD_hit,0,1.2,0,0,0
115502501,LYLD_att,0.3,LYLD_hit,0,1.6,0,0,0
115502601,LYLD_att,0.3,LYLD_hit,0,2.0,0,0,0
125501101,,0,TKLX_hit,1.0,0,0,0,0
125501201,,0,,0,0,0,0,0
125501211,,0,,0,0,0,0,0
125501301,,0,HD,0.3,1.3,0,0,0
125501311,,0,,0,0,0,0,0
125501401,,0,,0,0,0,0,0
125501411,,0,,0,0,0,0,0
125502101,,0,,0,0,0,0,0
125502201,,0,,0,0,0,0,0
125502301,,0,,0,0,0,0,0
125502401,,0,,0,0,0,0,0
125502501,,0,,0,0,0,0,0
125502601,,0,,0,0,0,0,0
125502701,,0,,0,0,0,0,0
125502801,LYLD_att,0.3,LYLD_hit,0,0,0,0,0.4
125502901,LYLD_att,0.3,LYLD_hit,0,0,0,0,0.4
1255021001,LYLD_att,0.3,LYLD_hit,0,0,0,0,0.4
1255021101,LYLD_att,0.3,LYLD_hit,0,0,0,0,0.4
1255021201,LYLD_att,0.3,LYLD_hit,0,0,0,0,0.4
1255021301,LYLD_att,0.3,LYLD_hit,0,0,0,0,0.4
135501101,,0,TKLX_hit,1.0,0,0,0,0
135501201,,0,,0,0,0,0,0
135502101,LYLD_att,0.3,LYLD_hit,0,0,0,0,0
135502201,LYLD_att,0.3,LYLD_hit,0,0.4,0,0,0
135502301,LYLD_att,0.3,LYLD_hit,0,0.8,0,0,0
135502401,LYLD_att,0.3,LYLD_hit,0,1.2,0,0,0
135502501,LYLD_att,0.3,LYLD_hit,0,1.6,0,0,0
135502601,LYLD_att,0.3,LYLD_hit,0,2.0,0,0,0
135502701,LYLD_att,0.3,LYLD_hit,0,2.4,0,0,0
145501101,,0,TKLX_hit,1.0,0,0,0,0
145501201,,0,,0,0,0,0,0
145501301,,0,HD,0.3,1.3,0,0,0
145502101,,0,,0,0,0,0,0
145502201,,0,,0,0,0,0,0
145502301,,0,,0,0,0,0,0
145502401,,0,,0,0,0,0,0
145502501,,0,,0,0,0,0,0
145502601,,0,,0,0,0,0,0
145502701,,0,,0,0,0,0,0
145502801,LYLD_att,0.3,LYLD_hit,0,0,0,0,0.4
145502901,LYLD_att,0.3,LYLD_hit,0,0,0,0,0.4
1455021001,LYLD_att,0.3,LYLD_hit,0,0,0,0,0.4
1455021101,LYLD_att,0.3,LYLD_hit,0,0,0,0,0.4
1455021201,LYLD_att,0.3,LYLD_hit,0,0,0,0,0.4
1455021301,LYLD_att,0.3,LYLD_hit,0,0,0,0,0.4
155501101,,0,,0,0,0,0,0
155501201,,0,,0,0,0,0,0
155501211,,0,,0,0,0,0,0
155502101,,0,,0,0,0,0,0
155502111,,0,,0,0,0,0,0
115601101,FBLX_att,1.0,FBLX_hit,0,0,0,0,0
115601201,,0,,0.1,0,0,0,0
115601211,,0,,0.1,0,0,0,0
115601301,,0,FBLX2_hit,0,1.3,0,0,0
115602101,,0,,0,0,0,0,0
115602111,,0,,0,0,0,0,0
125601101,FBLX_att,1.0,FBLX_hit,0,0,0,0,0
125601201,,0,,0.1,0,0,0,0
125601211,,0,,0.1,0,0,0,0
125601301,,0,FBLX2_hit,0,1.3,0,0,0
125601401,,0,,0,0,0,0,0
125601411,,0,,0,0,0,0,0
125602101,,0,,0,0,0,0,0
125602111,,0,,0,0,0,0,0
125602201,,0,,0,0,0,0,0
125602301,,0,FLYD_hit,0.4,0,0,0,0
135601101,,0,,0,0,0,0,0
135601201,FBLX_att,1.0,FBLX_hit,0,0,0,0,0
135602101,,0,,0,0,0,0,0
135602111,,0,,0,0,0,0,0
145601101,,0,,0,0,0,0,0
145601201,FBLX_att,1.0,FBLX_hit,0,0,0,0,0
145602101,,0,,0,0,0,0,0
145602111,,0,,0,0,0,0,0
155601101,,0,,0,0,0,0,0
155602101,,0,JFSY_hit,0,0,0,0,0
155602111,,0,,0,0,0,0,0
115801101,,0,DTCF_hit,1.3,0,1,1,0
115801201,,0,,0,0,0,0,0
115801211,,0,,0,0,0,0,0
115801301,,0,,0,0,0,0,0
115801311,,0,,0,0,0,0,0
115802101,,0,,0,0,0,0,0
115802201,,0,HBNN_hit,0.5,0,0,0,0
115802301,,0,,0,0,0,0,0
115802311,,0,,0,0,0,0,0
115901101,,0,GHMC_hit,0,0,0,0,0
115901201,,0,,0,0,0,0,0
115901301,GHMC2_att,0.1,GHMC_hit,0,1.1,0,0,0
115901401,,0,,0,0,0,0,0
115901501,GHMC2_att,0.1,GHMC_hit,0,2.2,0,0,0
115901601,,0,,0,0,0,0,0
115901701,GHMC2_att,0.1,GHMC_hit,0,3.3,0,0,0
115901801,,0,,0,0,0,0,0
115901901,GHMC2_att,0.1,GHMC_hit,0,4.4,0,0,0
1159011001,,0,,0,0,0,0,0
1159011101,GHMC2_att,0.1,GHMC_hit,0,5.5,0,0,0
115902101,,0,XLTS_hit,0,0,0,0,0
125901101,,0,GHMC_hit,0,0,0,0,0
125901201,,0,,0,0,0,0,0
125901301,GHMC2_att,0.1,GHMC_hit,0,1.1,0,0,0
125901401,,0,,0,0,0,0,0
125901501,GHMC2_att,0.1,GHMC_hit,0,2.2,0,0,0
125901601,,0,,0,0,0,0,0
125901701,GHMC2_att,0.1,GHMC_hit,0,3.3,0,0,0
125901801,,0,,0,0,0,0,0
125901901,GHMC2_att,0.1,GHMC_hit,0,4.4,0,0,0
1259011001,,0,,0,0,0,0,0
1259011101,GHMC2_att,0.1,GHMC_hit,0,5.5,0,0,0
125902101,,0,XLTS_hit,0,0,0,0,0
135901101,,0,GHMC_hit,0,0,0,0,0
135902101,,0,XLTS_hit,0,0,0,0,0
145901101,,0,GHMC_hit,0,0,0,0,0
145902101,,0,XLTS_hit,0,0,0,0,0
155901101,,0,,0,0,0,0,0
155902101,,0,,0,0,0,0,0
155902111,,0,,0,0,0,0,0
155902201,,0,,0,0,0,0,0
155902211,,0,,0,0,0,0,0
115701101,,0,MZNN_hit,1.4,0.5,0,0,0
115701201,,0,,2,0,0,0,0
115702101,,0,MZXF_hit,0.4,0.9,0,0,0
115702201,,0,,1.4,0,0,0,0
1157011011,,0,MZNN_hit,1.4,0.5,0,0,0
1157021011,,0,MZXF_hit,0.4,0.9,0,0,0
1157022011,,0,,1.4,0,0,0,0
1157023011,,0,MZXF_hit,0.4,0.9,0,0,0
1157024011,,0,,1.4,0,0,0,0
116001101,,0,GYBP_hit,0.9,0,1,1,0
116001201,,0,,0,0,0,0,0
116001301,,0,,0,0,0,0,0
116001311,,0,,0,0,0,0,0
116001401,,0,,0,0,0,0,0
116002101,JYLD_att,0.8,JYLD_hit,0,0,1,0,0
116002201,,0,,0,0,0,0,0
116002211,,0,,0,0,0,0,0
116002301,JYLD_att,0.8,JYLD_hit,0,0.6,1,0,0
116002401,,0,,0,0,0,0,0
116002411,,0,,0,0,0,0,0
116002501,JYLD_att,0.8,JYLD_hit,0,1.2,1,0,0
116002601,,0,,0,0,0,0,0
116002611,,0,,0,0,0,0,0
116101101,,0,ZLMJ_hit,0,0,1,1,0
116101201,,0,,0,0,0,0,0
116101211,,0,,0,0,0,0,0
116101301,,0,,0,0,0,0,0
116101311,,0,,0,0,0,0,0
116102101,,0,YHYG_hit,1.7,0,1,1,0
116102201,,0,,0,0,1,0,0
116201201,,0,LZSH_hit,0,0,0,0,0
116201111,,0,,0,0,0,0,0
116201101,,0,LZSH1_hit,0,0,0,0,0
116201211,,0,,0,0,0,0,0
116201221,,0,,0,0,0,0,0
116202101,,0,XSCL_hit,0.1,0,0,0,0
116202111,,0,,0,0,0,0,0
126201301,,0,LZSH_hit,0,0,0,0,0
126201111,,0,,0,0,0,0,0
126201101,,0,,0,0,0,0,0
126201311,,0,,0,0,0,0,0
126201321,,0,,0,0,0,0,0
126202101,,0,XSCL_hit,0,0,0,0,0
126202111,,0,,0,0,0,0,0
136201101,,0,LZSH1_hit,0,0,0,0,0
136201301,,0,LZSH_hit,0,0,0,0,0
136201311,,0,,0,0,0,0,0
136202101,,0,XSCL_hit,0.1,0,0,0,0
136202111,,0,,0,0,0,0,0
146201101,,0,,0,0,0,0,0
146201201,,0,LZSH_hit,0,0,0,0,0
146201211,,0,,0,0,0,0,0
146202101,,0,XSCL_hit,0,0,0,0,0
146202111,,0,,0,0,0,0,0
156201101,,0,,0,0,0,0,0
156201111,,0,,0,0,0,0,0
156201201,,0,,0,0,0,0,0
156201211,,0,,0,0,0,0,0
156201301,,0,,0,0,0,0,0
156201401,,0,,0,0,0,0,0
156201501,,0,,0,0,0,0,0
156201511,,0,,0,0,0,0,0
116401101,,0,,0,0,0,0,0
116401201,,0,BLXB_hit,0,0,0,0,0
116401301,,0,BLXB_hit2,0,0,0,0,0
116402101,YYXG_att,0.8,YYXG_hit,0,0,0,0,0
116402201,YYXG_att,0.8,YYXG_hit,0,0.5,0,0,0
116402401,,0,YYXG_hit2,0,1.3,0,0,0
116402511,,0,,0,0,0,0,0
116402521,,0,,0,0,0,0,0
116402601,YYXG_att,0.8,YYXG_hit,0,0.5,0,0,0
116402901,,0,,0,0,0,0,0
126401101,,0,BLXB_hit,0,0,0,0,0
126402101,YYXG_att,0.8,YYXG_hit,0,0.5,0,0,0
126402201,,0,YYXG_hit2,0,1.3,0,0,0
126402301,YYXG_att,0.8,YYXG_hit,0,0.5,0,0,0
136401101,,0,,0,0,0,0,0
136401201,,0,BLXB_hit,0,0,0,0,0
136401202,,0,BLXB_hit,0,0.6,0,0,0
136401301,,0,BLXB_hit2,0,0,0,0,0
136401302,,0,BLXB_hit2,0,0.6,0,0,0
136402101,YYXG_att,0.8,YYXG_hit,0,0,0,0,0
136402201,YYXG_att,0.8,YYXG_hit,0,0.5,0,0,0
136402401,,0,YYXG_hit2,0,1.3,0,0,0
136402601,YYXG_att,0.8,YYXG_hit,0,0.5,0,0,0
146401101,,0,BLXB_hit,0,0,0,0,0
146401201,,0,BLXB_hit,0,0.6,0,0,0
146402101,YYXG_att,0.8,YYXG_hit,0,0,0,0,0.5
146402201,,0,YYXG_hit2,0,1.3,0,0,0
146402301,YYXG_att,0.8,YYXG_hit,0,0.5,0,0,0
156401101,,0,,0,0,0,0,0
156401111,,0,,0,0,0,0,0
156402101,,0,CFSX_hit,0,0,0,0,0
156403101,,0,,0,0,0,0,0
156403111,,0,,0,0,0,0,0
156403201,,0,,0,0,0,0,0
156403301,,0,,0,0,0,0,0
156403311,,0,,0,0,0,0,0
116601101,,0,,0,0,0,0,0.2
116601201,,0,,0,0.9,0,0,0
116601301,GHGY_att,0.8,GHGY_hit,0,0,1,0,0
116601401,,0,,0,0.9,0,0,0.2
116602101,,0,,0,0,0,0,0.2
116602201,,0,,0,0,0,0,0
116602301,,0,,0,0,0,0,0
116602401,,0,,0,0,0,0,0
116602501,,0,YTDJ_hit,0,0,0,0,0
116602601,,0,YTDJ_hit,0,0,0,0,0
116602701,,0,YTDJ_hit,0,0,0,0,0
126601101,,0,,0,0,0,0,0.2
126601201,,0,,0,0.9,0,0,0
126601301,GHGY_att,0.8,GHGY_hit,0,0,1,0,0
126601401,,0,,0,0.9,0,0,0.2
126601501,,0,,0,0,0,0,0
126601411,,0,,0,0,0,0,0
126602101,,0,,0,0,0,0,0.4
126602201,,0,,0,0,0,0,0
126602301,,0,,0,0,0,0,0
126602401,,0,,0,0,0,0,0
126602501,,0,,0,0,0,0,0
126602601,,0,YTDJ_hit,0,0,0,0,0
126602701,,0,,0,0.01,0,0,0
126602801,,0,YTDJ_hit,0,0,0,0,0
126602901,,0,YTDJ_hit,0,0,0,0,0
1266021001,,0,YTDJ_hit,0,0,0,0,0
136601101,,0,,0,0,0,0,0.2
136601201,,0,,0,0.9,0,0,0
136601301,GHGY_att,0.8,GHGY_hit,0,0,1,0,0
136601401,,0,,0,0.9,0,0,0.2
136601501,,0,,0,0,0,0,0
136601601,,0,,0,0,0,0,0
136601701,,0,,0,0,0,0,0
136602101,,0,,0,0,0,0,0.2
136602201,,0,,0,0,0,0,0
136602301,,0,,0,0,0,0,0
136602401,,0,,0,0,0,0,0
136602501,,0,YTDJ_hit,0,0,0,0,0
136602601,,0,YTDJ_hit,0,0,0,0,0
136602701,,0,YTDJ_hit,0,0,0,0,0
146601101,,0,,0,0,0,0,0.2
146601201,,0,,0,0.9,0,0,0
146601301,GHGY_att,0.8,GHGY_hit,0,0,1,0,0
146601401,,0,,0,0,0,0,0
146601402,,0,,0,0,0,0,0
146601403,,0,,0,0,0,0,0
146601501,,0,,0,0,0,0,0
146602101,,0,,0,0,0,0,0.4
146602201,,0,,0,0,0,0,0
146602301,,0,,0,0,0,0,0
146602401,,0,,0,0,0,0,0
146602501,,0,,0,0,0,0,0
146602601,,0,YTDJ_hit,0,0,0,0,0
146602701,,0,,0,0.01,0,0,0
146602801,,0,YTDJ_hit,0,0,0,0,0
146602901,,0,YTDJ_hit,0,0,0,0,0
1466021001,,0,YTDJ_hit,0,0,0,0,0
156601101,,0,,0,0,0,0,0
156601201,,0,,0,0,0,0,0
156602101,,0,YMZY_hit1,0.6,0,1,0,0
116701101,,0,XLC_hit,0,0,0,0,0
116701111,,0,,0,0,0,0,0
116701121,,0,,0,0,0,0,0
116701131,,0,,0,0,0,0,0
116701141,,0,,0,0,0,0,0
116701151,,0,,0,0,0,0,0
116701161,,0,,0,0,0,0,0
116701171,,0,,0,0,0,0,0
116701201,,0,XLC_hit2,0,0,0,0,0
116701211,,0,,0,0,0,0,0
116701221,,0,,0,0,0,0,0
116701231,,0,,0,0,0,0,0
116701241,,0,,0,0,0,0,0
116701251,,0,,0,0,0,0,0
116701261,,0,,0,0,0,0,0
116701271,,0,,0,0,0,0,0
116702101,,0,CHZX_hit,0,0,1,0,0
116702201,,0,,0,0,0,0,0
116702301,,0,,0,0,0,0,0
126701101,,0,XLC_hit,0,0,0,0,0
126701111,,0,,0,0,0,0,0
126701121,,0,,0,0,0,0,0
126701131,,0,,0,0,0,0,0
126701141,,0,,0,0,0,0,0
126701151,,0,,0,0,0,0,0
126701161,,0,,0,0,0,0,0
126701171,,0,,0,0,0,0,0
126701201,,0,XLC_hit2,0,0,0,0,0
126701211,,0,,0,0,0,0,0
126701221,,0,,0,0,0,0,0
126701231,,0,,0,0,0,0,0
126701241,,0,,0,0,0,0,0
126701251,,0,,0,0,0,0,0
126701261,,0,,0,0,0,0,0
126701271,,0,,0,0,0,0,0
126702101,,0,CHZX_hit,0,0,1,0,0
126702201,,0,,0,0,0,0,0
126702301,,0,,0,0,0,0,0
136701101,,0,XLC_hit,0,0,0,0,0
136701201,,0,XLC_hit2,0,0,0,0,0
136701211,,0,,0,0,0,0,0
136701221,,0,,0,0,0,0,0
136701231,,0,,0,0,0,0,0
136701241,,0,,0,0,0,0,0
136701251,,0,,0,0,0,0,0
136701261,,0,,0,0,0,0,0
136701271,,0,,0,0,0,0,0
136702101,,0,CHZX_hit,0,0,1,0,0
136702201,,0,,0,0,0,0,0
146701101,,0,XLC_hit,0,0,0,0,0
146701201,,0,XLC_hit2,0,0,0,0,0
146701211,,0,,0,0,0,0,0
146701221,,0,,0,0,0,0,0
146701231,,0,,0,0,0,0,0
146701241,,0,,0,0,0,0,0
146701251,,0,,0,0,0,0,0
146701261,,0,,0,0,0,0,0
146701271,,0,,0,0,0,0,0
146702101,,0,CHZX_hit,0,0,1,0,0
146702201,,0,,0,0,0,0,0
156701101,,0,XLLY_hit,0,0,0,0,0
156702101,,0,XLLY_hit,0,0,0,0,0
156702111,,0,,0,0,0,0,0
156702112,,0,,0,0,0,0,0
156702113,,0,,0,0,0,0,0
156702114,,0,,0,0,0,0,0
156702201,,0,XLLY_hit2,0,0,0,0,0
156702211,,0,,0,0,0,0,0
156702212,,0,,0,0,0,0,0
156702213,,0,,0,0,0,0,0
156702214,,0,,0,0,0,0,0
116801101,,0,,0,0,0,0,0
116801201,,0,,0,0,0,0,0
116801301,,0,CJST_hit,0.3,0,0,0,0
116801401,,0,,0,0,0,0,0
116801411,,0,,0,0,0,0,0
116801501,,0,,0,0,0,0,0
116802101,SLZM_att,0.5,SLZM_hit,0,0.3,1,0,0
116802201,SLZM_att,0.5,SLZM_hit,0,0.6,1,0,0
116802301,SLZM_att,0.5,SLZM_hit,0,0.9,1,0,0
116802401,SLZM_att,0.5,SLZM_hit,0,1.2,1,0,0
116802501,SLZM_att,0.5,SLZM_hit,0,1.5,1,0,0
116802601,SLZM_att,0.5,SLZM_hit,0,1.8,1,0,0
126801101,,0,,0,0,0,0,0
126801201,,0,,0,0,0,0,0
126801301,,0,CJST_hit,0.3,0,0,0,0
126801401,,0,,0,0,0,0,0
126801411,,0,,0,0,0,0,0
126801501,,0,CJST_hit,0.3,0.8,0,0,0
126802101,SLZM_att,0.5,SLZM_hit,0,0.3,1,0,0
126802201,SLZM_att,0.5,SLZM_hit,0,0.6,1,0,0
126802301,SLZM_att,0.5,SLZM_hit,0,0.9,1,0,0
126802401,SLZM_att,0.5,SLZM_hit,0,1.2,1,0,0
126802501,SLZM_att,0.5,SLZM_hit,0,1.5,1,0,0
126802601,SLZM_att,0.5,SLZM_hit,0,1.8,1,0,0
136801101,,0,,0,0,0,0,0
136801201,,0,,0,0,0,0,0
136801301,,0,CJST_hit,0.3,0,0,0,0
136801401,,0,,0,0,0,0,0
136801411,,0,,0,0,0,0,0
136802101,SLZM_att,0.5,SLZM_hit,0,0.3,1,0,0
136802102,,0,,0,0,0,0,0
136802201,SLZM_att,0.5,SLZM_hit,0,0.6,1,0,0
136802301,SLZM_att,0.5,SLZM_hit,0,0.9,1,0,0
136802401,SLZM_att,0.5,SLZM_hit,0,1.2,1,0,0
136802501,SLZM_att,0.5,SLZM_hit,0,1.5,1,0,0
136802601,SLZM_att,0.5,SLZM_hit,0,1.8,1,0,0
146801101,,0,,0,0,0,0,0
146801201,,0,,0,0,0,0,0
146801301,,0,CJST_hit,0.3,0,0,0,0
146801401,,0,,0,0,0,0,0
146801411,,0,,0,0,0,0,0
146802101,SLZM_att,0.5,SLZM_hit,0,0.3,1,0,0
146802102,,0,,0,0,0,0,0
146802201,SLZM_att,0.5,SLZM_hit,0,0.6,1,0,0
146802301,SLZM_att,0.5,SLZM_hit,0,0.9,1,0,0
146802401,SLZM_att,0.5,SLZM_hit,0,1.2,1,0,0
146802501,SLZM_att,0.5,SLZM_hit,0,1.5,1,0,0
146802601,SLZM_att,0.5,SLZM_hit,0,1.8,1,0,0
156801101,LFSQ_att,0.9,LFSQ_hit,0,1,1,0,0
156802001,,0,,0,0,0,0,0
156802101,,0,,0,0,0,0,0
117001101,,0,LHBSJ_hit,0,0,1,1,0
117001201,,0,,0,0,0,0,0
117001211,,0,,0,0,0,0,0
117001301,,0,,0,0,0,0,0
117002101,,0,RHTY_hit,0.2,0,0,0,0
117002111,,0,,0,0,0,0,0
117101101,,0,HHXJ_hit,2.9,0,0,0,0
117101111,,0,,0,0,0,0,0
117101201,,0,,0,0,0,0,0
117101211,,0,HHXJ_hit2,0,0,0,0,0
117102101,,0,XXLZ_hit,0.7,0,0,0,0
117102201,,0,,0,0,0,0,0
117102211,,0,,0,0,0,0,0
127101101,,0,HHXJ_hit,2.9,0,0,0,0
127101111,,0,,0,0,0,0,0
127101201,,0,,0,0,0,0,0
127101211,,0,HHXJ_hit2,0,0,0,0,0
127101301,,0,,0,0,0,0,0
127101311,,0,,0,0,0,0,0
127102101,,0,XXLZ_hit,0.7,0,0,0,0
127102201,,0,,0,0,0,0,0
127102211,,0,,0,0,0,0,0
127102301,,0,,0,0,0,0,0
137101101,,0,HHXJ_hit,2.9,0,0,0,0
137101201,,0,,0,0,0,0,0
137101211,,0,HHXJ_hit2,0,0,0,0,0
137102101,,0,XXLZ_hit,0.7,0,0,0,0
137102201,,0,,0,0,0,0,0
137102211,,0,,0,0,0,0,0
147101101,,0,HHXJ_hit,2.9,0,0,0,0
147101201,,0,,0,0,0,0,0
147101211,,0,HHXJ_hit2,0,0,0,0,0
147102101,,0,XXLZ_hit,0.7,0,0,0,0
147102201,,0,,0,0,0,0,0
147102211,,0,,0,0,0,0,0
157101101,,0,,0,0,0,0,0
157101201,,0,,0,0,0,0,0
157101301,,0,SYXH_hit,0,0,0,0,0
157101311,,0,SYXH_hit2,0,0,0,0,0
157101312,,0,,0,0,0,0,0
157101313,,0,,0,0,0,0,0
157101401,,0,,0,0,0,0,0
137201101,,0,MRSP_hit,0,0,1,1,0
137201201,,0,,0,0,0,0,0
137202101,BMSY_att,0.8,BMSY_hit,0,0,1,0,0
137202102,,0,,0,0,0,0,0
137202201,,0,,0,0,0,0,0
137202202,BMSY_att,0.8,BMSY_hit,0,1,1,0,0
137202203,,0,,0,0,0,0,0
137202301,,0,,0,0,0,0,0
137202302,BMSY_att,0.8,BMSY_hit,0,2,1,0,0
137202303,,0,,0,0,0,0,0
137202401,,0,,0,0,0,0,0
137202402,BMSY_att,0.8,BMSY_hit,0,3,1,0,0
137202403,,0,,0,0,0,0,0
137202999,,0,,0,0,0,0,0
117301101,,0,CMZT_hit,0,0,0,1,0
117301102,,0,,0,0,1,0,0
117302101,,0,,0,0,0,0,0.3
117302102,CNEM_att,0.8,CNEM_hit,0,0,1,0,0
117302103,,0,,0,0,0,0,0
127301101,,0,CMZT_hit,0,0,0,1,0
127301102,,0,,0,0,1,0,0
127302101,,0,,0,0,0,0,0.3
127302102,CNEM_att,0.8,CNEM_hit,0,0,1,0,0
127302103,,0,,0,0,0,0,0
127302104,,0,,0,0,0,0,0
137301101,,0,CMZT_hit,0,0,0,1,0
137302101,,0,,0,0,0,0,0.3
137302102,CNEM_att,0.8,CNEM_hit,0,0,1,0,0
147301101,,0,CMZT_hit,0,0,0,1,0
147302101,,0,,0,0,0,0,0.3
147302102,CNEM_att,0.8,CNEM_hit,0,0,1,0,0
147302103,,0,,0,0,0,0,0
147302104,,0,,0,0,0,0,0
157301101,,0,JMMY_hit,0,0,0,0,0
157301201,,0,,0,0,0,0,0
157301301,,0,,0,0,0,0,0
157301401,,0,,0,0,0,0,0
157302101,,0,,0,0,0,0,0
117401101,,0,MLMW_hit,0,0,0,0,0
117401102,,0,,0,0,0,0,0
117402101,,0,JHZC_hit2,0,0,1,0,0
117402102,,0,JHZC_hit,0,0,0,0,0
127401101,,0,MLMW_hit,0,0,0,0,0
127401102,,0,,0,0,0,0,0
127402101,,0,JHZC_hit2,0,0,1,0,0
127402102,,0,JHZC_hit,0,0,0,0,0
127402103,,0,,0,0,0,0,0
127402104,,0,,0,0,0,0,0
137401101,,0,MLMW_hit,0,0,0,0,0
137401102,,0,,0,0,0,0,0
137402101,,0,JHZC_hit2,0,0,1,0,0
137402102,,0,JHZC_hit,0,0,0,0,0
137402103,,0,,0,0,0,0,0
137402113,,0,,0,0,0,0,0
147401101,,0,MLMW_hit,0,0,0,0,0
147401102,,0,,0,0,0,0,0
147402101,,0,JHZC_hit2,0,0,1,0,0
147402102,,0,JHZC_hit,0,0,0,0,0
147402103,,0,,0,0,0,0,0
147402104,,0,,0,0,0,0,0
147402105,,0,,0,0,0,0,0
157401101,,0,ZJSY_hit,0,0,0,0,0
157401111,,0,,0,0,0,0,0
157401201,,0,,0,0,0,0,0
157401211,,0,,0,0,0,0,0
157401301,,0,,0,0,0,0,0
157402101,,0,ZJSY_hit,0,0,0,0,0
157402111,,0,,0,0,0,0,0
117501101,,0,SDLC_hit,0,0,1,1,0
117501102,,0,,0,0,0,0,0
117501103,SDLC2_att,0,SDLC_hit,0,0,1,0,0
117502101,,0,,0,0,1,0,0
117502102,,0,LHCJ_hit,0,0,1,0,0
127501101,,0,SDLC_hit,0,0,1,1,0
127501102,,0,,0,0,0,0,0
127501103,SDLC2_att,0,SDLC_hit,0,0,1,0,0
127501104,,0,,0,0,0,0,0
127501105,,0,SDLC_hit,0,0,1,0,0
127502101,,0,,0,0,1,0,0
127502102,,0,LHCJ_hit,0,0,1,0,0
137501101,,0,SDLC_hit,0,0,1,1,0
137501102,,0,,0,0,0,0,0
137501103,SDLC2_att,0,SDLC_hit,0,0,1,0,0
137502101,,0,,0,0,1,0,0
137502102,,0,LHCJ_hit,0,0,1,0,0
147501101,,0,SDLC_hit,0,0,1,1,0
147501102,,0,,0,0,0,0,0
147501103,SDLC2_att,0,SDLC_hit,0,0,1,0,0
147502101,,0,,0,0,1,0,0
147502102,,0,LHCJ_hit,0,0,1,0,0
157501101,,0,,0,0,0,0,0
157501201,,0,,0,0,0,0,0
157502101,,0,,0,0,1,0,0
157502201,,0,HMHS_hit,0,0,0,0,0
157502301,,0,,0,0,0,0,0
157502311,,0,,0,0,0,0,0
117601101,,0,HYMX_hit,0.33,0,0,1,0
117601201,,0,,0,0,0,0,0
117601211,,0,,0,0,0,0,0
117601301,,0,,0,0,0,0,0
117602101,,0,,0,0,0,0,0
117602111,,0,ZMJZ6_hit,0,0,0,0,0
117602102,ZMJZ6_att,0.8,ZMJZ_hit,0,1,1,1,0
117602201,,0,,0,0,0,0,0
117602211,,0,ZMJZ5_hit,0,0,0,0,0
117602202,ZMJZ5_att,0.8,ZMJZ_hit,0,1,1,1,0
117602301,,0,,0,0,0,0,0
117602311,,0,ZMJZ4_hit,0,0,0,0,0
117602302,ZMJZ4_att,0.8,ZMJZ_hit,0,1,1,1,0
117602401,,0,,0,0,0,0,0
117602411,,0,ZMJZ3_hit,0,0,0,0,0
117602402,ZMJZ3_att,0.8,ZMJZ_hit,0,1,1,1,0
117602501,,0,,0,0,0,0,0
117602511,,0,ZMJZ2_hit,0,0,0,0,0
117602502,ZMJZ2_att,0.8,ZMJZ_hit,0,1,1,1,0
117602601,,0,,0,0,0,0,0
117602611,,0,ZMJZ1_hit,0,0,0,0,0
117602602,ZMJZ1_att,0.8,ZMJZ_hit,0,1,1,1,0
117602701,,0,,0,0,0,0,0
127601101,,0,HYMX_hit,0.33,0,0,1,0
127601201,,0,,0,0,0,0,0
127601211,,0,,0,0,0,0,0
127601301,,0,,0,0,0,0,0
127601311,,0,,0,0,0,0,0
127602101,,0,,0,0,0,0,0
127602111,,0,ZMJZ6_hit,0,0,0,0,0
127602102,ZMJZ6_att,0.8,ZMJZ_hit,0,1,1,1,0
127602103,,0,,0,0,0,0,0
127602201,,0,,0,0,0,0,0
127602211,,0,ZMJZ5_hit,0,0,0,0,0
127602202,ZMJZ5_att,0.8,ZMJZ_hit,0,1,1,1,0
127602203,,0,,0,0,0,0,0
127602301,,0,,0,0,0,0,0
127602311,,0,ZMJZ4_hit,0,0,0,0,0
127602302,ZMJZ4_att,0.8,ZMJZ_hit,0,1,1,1,0
127602303,,0,,0,0,0,0,0
127602401,,0,,0,0,0,0,0
127602411,,0,ZMJZ3_hit,0,0,0,0,0
127602402,ZMJZ3_att,0.8,ZMJZ_hit,0,1,1,1,0
127602403,,0,,0,0,0,0,0
127602501,,0,,0,0,0,0,0
127602511,,0,ZMJZ2_hit,0,0,0,0,0
127602502,ZMJZ2_att,0.8,ZMJZ_hit,0,1,1,1,0
127602503,,0,,0,0,0,0,0
127602601,,0,,0,0,0,0,0
127602611,,0,ZMJZ1_hit,0,0,0,0,0
127602602,ZMJZ1_att,0.8,ZMJZ_hit,0,2,1,1,0
127602603,,0,,0,0,0,0,0
137601101,,0,HYMX_hit,0.33,0,0,1,0
137601201,,0,,0,0,0,0,0
137602101,,0,,0,0,0,0,0
137602111,,0,ZMJZ6_hit,0,0,0,0,0
137602102,ZMJZ6_att,0.8,ZMJZ_hit,0,1,1,1,0
137602201,,0,,0,0,0,0,0
137602211,,0,ZMJZ5_hit,0,0,0,0,0
137602202,ZMJZ5_att,0.8,ZMJZ_hit,0,0,1,1,0
137602301,,0,,0,0,0,0,0
137602311,,0,ZMJZ4_hit,0,0,0,0,0
137602302,ZMJZ4_att,0.8,ZMJZ_hit,0,0,1,1,0
137602401,,0,,0,0,0,0,0
137602411,,0,ZMJZ3_hit,0,0,0,0,0
137602402,ZMJZ3_att,0.8,ZMJZ_hit,0,0,1,1,0
137602501,,0,,0,0,0,0,0
137602511,,0,ZMJZ2_hit,0,0,0,0,0
137602502,ZMJZ2_att,0.8,ZMJZ_hit,0,0,1,1,0
137602601,,0,,0,0,0,0,0
137602611,,0,ZMJZ1_hit,0,0,0,0,0
137602602,ZMJZ1_att,0.8,ZMJZ_hit,0,0,1,1,0
137602701,,0,,0,0,0,0,0
147601101,,0,HYMX_hit,0.33,0,0,1,0
147601201,,0,,0,0,0,0,0
147602101,,0,,0,0,0,0,0
147602111,,0,ZMJZ6_hit,0,0,0,0,0
147602102,ZMJZ6_att,0.8,ZMJZ_hit,0,1,1,1,0
147602103,,0,,0,0,0,0,0
147602201,,0,,0,0,0,0,0
147602211,,0,ZMJZ5_hit,0,0,0,0,0
147602202,ZMJZ5_att,0.8,ZMJZ_hit,0,1,1,1,0
147602203,,0,,0,0,0,0,0
147602301,,0,,0,0,0,0,0
147602311,,0,ZMJZ4_hit,0,0,0,0,0
147602302,ZMJZ4_att,0.8,ZMJZ_hit,0,1,1,1,0
147602303,,0,,0,0,0,0,0
147602401,,0,,0,0,0,0,0
147602411,,0,ZMJZ3_hit,0,0,0,0,0
147602402,ZMJZ3_att,0.8,ZMJZ_hit,0,1,1,1,0
147602403,,0,,0,0,0,0,0
147602501,,0,,0,0,0,0,0
147602511,,0,ZMJZ2_hit,0,0,0,0,0
147602502,ZMJZ2_att,0.8,ZMJZ_hit,0,1,1,1,0
147602503,,0,,0,0,0,0,0
147602601,,0,,0,0,0,0,0
147602611,,0,ZMJZ1_hit,0,0,0,0,0
147602602,ZMJZ1_att,0.8,ZMJZ_hit,0,1,1,1,0
147602603,,0,,0,0,0,0,0
117701101,,0,FCDC_hit,0,0,1,1,0
117702101,,0,LTWJ_hit,0,0,1,1,0
117702201,,0,LTWJ_hit,0,0,1,1,0
127701101,,0,FCDC_hit,0,0,1,1,0
127701201,,0,,0,0,0,0,0
127701211,,0,,0,0,0,0,0
127702101,,0,LTWJ_hit,0,0,1,1,0
127702301,,0,LTWJ_hit,0,0,1,1,0
127702201,,0,,0,0,0,0,0
137701101,,0,FCDC_hit,0,0,1,1,0
137702101,,0,LTWJ_hit,0,0,1,1,0
137702201,,0,,0,0,0,0,0
137702301,,0,LTWJ_hit,0,0,1,1,0
137702401,,0,,0,0,0,0,0
147701101,,0,FCDC_hit,0,0,1,1,0
147702101,,0,LTWJ_hit,0,0,1,1,0
147702201,,0,,0,0,0,0,0
147702501,,0,,0,0,0,0,0
147702301,,0,LTWJ_hit,0,0,1,1,0
147702401,,0,,0,0,0,0,0
157701101,,0,,0,0,0,0,0
157701111,,0,,0,0,0,0,0
157702101,,0,LNXL_hit,0,0,0,0,0
157702201,,0,,0,0,1,0,0
117801101,,0,LYPZ_hit,0,0,1,1,0
117801201,,0,,0,0,0,0,0
117801211,,0,,0,0,0,0,0
117802101,,0,,0,0,0,0,0.6
117802201,ZJZJ_att,0.6,ZJZJ_hit,0,0,1,0,0
127801101,,0,LYPZ_hit,0,0,1,1,0
127801201,,0,,0,0,0,0,0
127801211,,0,,0,0,0,0,0
127801301,,0,,0,0,0,0,0
127801311,,0,,0,0,0,0,0
127802101,,0,,0,0,0,0,0.6
127802201,ZJZJ_att,0.6,ZJZJ_hit,0,0,1,0,0
137801101,,0,LYPZ_hit,0,0,1,1,0
137801201,,0,,0,0,0,0,0
137802101,,0,,0,0,0,0,0.6
137802201,ZJZJ_att,0.6,ZJZJ_hit,0,0,1,0,0
137802301,,0,,0,0,0,0,0
137802311,,0,,0,0,0,0,0
147801101,,0,LYPZ_hit,0,0,1,1,0
147801201,,0,,0,0,0,0,0
147801301,,0,,0,0,0,0,0
147802101,,0,,0,0,0,0,0.6
147802201,ZJZJ_att,0.6,ZJZJ_hit,0,0,1,0,0
147802301,,0,,0,0,0,0,0
147802311,,0,,0,0,0,0,0
117901101,,0,XYWB_hit,0,0,0,0,0
117901201,,0,,0,0,0,0,0
117901211,,0,,0,0,0,0,0
117901301,,0,XYWB_hit2,0,0,0,0,0
117902101,,0,YHFW_hit,0,0,0,0,0
117902201,,0,,0,0,0,0,0
117902211,,0,,0,0,0,0,0
117902301,,0,,0,0,0,0,0
117902311,,0,,0,0,0,0,0
117902411,,0,,0,0,0,0,0
118001101,,0,XYQF_hit,0,0,0,0,0
118001111,,0,,0,0,0,0,0
118002101,,0,,0,0,0,0,0
118002201,EYMZ_att,0.8,,0,0,1,1,0
118101101,,0,SPZZ_hit,0,0,0,1,0
118101201,,0,,0,0,0,0,0
118101211,,0,,0,0,0,0,0
118101401,,0,,0,0,0,0,0
118101411,,0,,0,0,0,0,0
118102101,,0,,0,0,0,0,0
118102201,CJZY_att,0.8,CJZY_hit,0,0,1,0,0
128101101,,0,SPZZ_hit,0,0,0,1,0
128101201,,0,,0,0,0,0,0
128101211,,0,,0,0,0,0,0
128101401,,0,,0,0,0,0,0
128101411,,0,,0,0,0,0,0
128102001,,0,,0,0,0,0,0
128102101,,0,,0,0,0,0,0
128102201,CJZY_att,0.8,CJZY_hit,0,0,1,0,0
128102211,,0,,0,0,0,0,0
138101101,,0,SPZZ_hit,0,0,0,1,0
138101201,,0,,0,0,0,0,0
138101211,,0,,0,0,0,0,0
138102101,,0,,0,0,0,0,0
138102201,CJZY_att,0.8,CJZY_hit,0,0,1,0,0
138102301,,0,,0,0,0,0,0
138102311,,0,,0,0,0,0,0
148101101,,0,SPZZ_hit,0,0,0,1,0
148101201,,0,,0,0,0,0,0
148101211,,0,,0,0,0,0,0
148101311,,0,,0,0,0,0,0
148102001,,0,,0,0,0,0,0
148102101,,0,,0,0,0,0,0
148102201,CJZY_att,0.8,CJZY_hit,0,0,1,0,0
148102211,,0,,0,0,0,0,0
148102301,,0,,0,0,0,0,0
148102311,,0,,0,0,0,0,0
158101101,,0,,0,0,0,0,0
158102101,,0,,0,0,0,0,0
158102201,,0,,0,0,0,0,0
158102111,,0,,0,0,0,0,0
158102112,,0,,0,0,0,0,0
158102113,,0,,0,0,0,0,0
118201001,,0,JJDC_hit,0,0,0,1,0
118201101,,0,,0,0,0,0,0
118201111,,0,,0,0,0,0,0
118201201,,0,,0,0,0,0,0
118201211,,0,,0,0,0,0,0
118201301,,0,,0,0,0,0,0
118201311,,0,,0,0,0,0,0
118201401,,0,,0,0,0,0,0
118201411,,0,,0,0,0,0,0
118201501,,0,,0,0,0,0,0
118202101,,0,QWZS_hit,0,0,0,1,0
118202201,,0,QWZS_hit2,0,0,0,0,0
128201001,,0,JJDC_hit,0,0,0,1,0
128201101,,0,,0,0,0,0,0
128201111,,0,,0,0,0,0,0
128201201,,0,,0,0,0,0,0
128201211,,0,,0,0,0,0,0
128201301,,0,,0,0,0,0,0
128201311,,0,,0,0,0,0,0
128201401,,0,,0,0,0,0,0
128201411,,0,,0,0,0,0,0
128201501,,0,,0,0,0,0,0
128201601,,0,,0,0,0,0,0
128201701,,0,,0,0,0,0,0
128202101,,0,QWZS_hit,0,0,0,1,0
128202201,,0,QWZS_hit,0,0,0,1,0
128202301,,0,QWZS_hit2,0,0,0,0,0
138201001,,0,,0,0,0,0,0
138201011,,0,,0,0,0,0,0
138201002,,0,JJDC_hit,0,0,0,1,0
138201101,,0,,0,0,0,0,0
138201111,,0,,0,0,0,0,0
138201201,,0,,0,0,0,0,0
138201211,,0,,0,0,0,0,0
138201301,,0,,0,0,0,0,0
138201311,,0,,0,0,0,0,0
138201401,,0,,0,0,0,0,0
138201411,,0,,0,0,0,0,0
138201501,,0,,0,0,0,0,0
138202101,,0,QWZS_hit,0,0,0,1,0
138202201,,0,QWZS_hit2,0,0,1,0,0
138202211,,0,,0,0,0,0,0
148201001,,0,,0,0,0,0,0
148201011,,0,,0,0,0,0,0
148201002,,0,JJDC_hit,0,0,0,1,0
148201101,,0,,0,0,0,0,0
148201111,,0,,0,0,0,0,0
148201201,,0,,0,0,0,0,0
148201211,,0,,0,0,0,0,0
148201301,,0,,0,0,0,0,0
148201311,,0,,0,0,0,0,0
148201401,,0,,0,0,0,0,0
148201411,,0,,0,0,0,0,0
148201501,,0,,0,0,0,0,0
148201601,,0,,0,0,0,0,0
148201701,,0,,0,0,0,0,0
148202101,,0,QWZS_hit,0,0,0,1,0
148202201,,0,QWZS_hit,0,0,0,1,0
148202301,,0,QWZS_hit2,0,0,0,0,0
148202311,,0,,0,0,0,0,0
158201101,,0,,0,0,0,0,0
158202101,,0,,0,0,0,0,0
158202111,,0,,0,0,0,0,0
118301101,,0,ZHPX_hit,0,0,0,1,0
118301201,,0,ZHPX_hit,0.45,0,0,1,0
118302101,KYJW_att,0.8,KYJW_hit,0,0,1,0,0
118302201,KYJW_att,0.8,KYJW_hit,0,0.9,1,0,0
128301101,,0,ZHPX_hit,0,0,0,1,0
128301201,,0,ZHPX_hit,0.45,0,0,1,0
128302101,,0,,0,0,0,0,0
128302102,KYJW_att,0.8,KYJW_hit,0,0,1,1,0
128302201,,0,KYJW_hit1,0,0,1,0,0
128302301,KYJW_att,0.8,KYJW_hit,0,0.9,1,1,0
128302401,,0,KYJW_hit1,0,0.9,1,0,0
128302501,KYJW_att,0.8,KYJW_hit,0,1.8,1,1,0
128302601,,0,KYJW_hit1,0,1.8,1,0,0
138301101,,0,ZHPX_hit,0,0,0,1,0
138301201,,0,ZHPX_hit,0.45,0,0,1,0
138302101,KYJW_att,0.8,KYJW_hit,0,0,1,0,0
138302201,KYJW_att,0.8,KYJW_hit,0,0.9,1,0,0
138302301,KYJW_att,0.8,KYJW_hit,0,1.8,1,0,0
138302401,KYJW_att,0.8,KYJW_hit,0,2.7,1,0,0
148301101,,0,ZHPX_hit,0,0,0,1,0
148301201,,0,ZHPX_hit,0.45,0,0,1,0
148302101,,0,,0,0,0,0,0
148302102,KYJW_att,0.8,KYJW_hit,0,0,1,1,0
148302201,,0,KYJW_hit1,0,0,1,0,0
148302301,KYJW_att,0.8,KYJW_hit,0,0.9,1,1,0
148302401,,0,KYJW_hit1,0,0.9,1,0,0
148302501,KYJW_att,0.8,KYJW_hit,0,1.8,1,1,0
148302601,,0,KYJW_hit1,0,1.8,1,0,0
148302701,KYJW_att,0.8,KYJW_hit,0,2.7,1,1,0
148302801,,0,KYJW_hit1,0,2.7,1,0,0
148302901,KYJW_att,0.8,KYJW_hit,0,3.6,1,1,0
148302902,,0,KYJW_hit1,0,3.6,1,0,0
158301101,,0,,0,0,0,0,0
158302101,,0,ZSLY_hit,0,0,1,0,0
158302201,,0,,0,0,0,0,0
158302301,,0,,0,0,0,0,0
55551101,,0,YCZX_hit,0,0,1,1,0
55551102,,0.2,,0.1,0,0,0,0
55551201,,0,YQHJ_hit,0,0,1,1,0
55551202,,0,,0,0,0,0,0
55551212,,0,,0,0,0,0,0
55551301,,0,TYFB_hit,0,0,1,1,0
55551302,,0.2,,0.1,0,0,0,0
55551312,,0.2,,0.1,0,0,0,0
55551401,,0,GHMC_hit,0,0,1,1,0
55551402,,0,,0,0,0,0,0
55551501,,0,,0,0,0,0,0.3
55551502,CNEM_att,0.8,CNEM_hit,0,0,1,0,0
55551503,,0,,0,0,0,0,0
55551601,,0,SBDL_hit,0,0,1,1,0
55551701,,0,attack_hit,0,0,1,0,0
55551702,,0,attack_hit,0,0,1,0,0
55551801,,0,3004_hit,0.05,0,1,0,0
55551802,,0,3004_hit,0.05,0,1,0,0
55552101,,0,,0,0,0,0,0
55552111,,0,,0,0,0,0,0
55552201,,0,,0,0,0,0,0
55552211,,0,,0,0,0,0,0
55552301,,0,,0,0,0,0,0
55552311,,0,,0,0,0,0,0
55552401,,0,,0,0,0,0,0
55552411,,0,,0,0,0,0,0
55552501,,0,,0,0,0,0,0
55552511,,0,,0,0,0,0,0
55552601,,0,,0,0,0,0,0
55552611,,0,,0,0,0,0,0
55552701,,0,,0,0,0,0,0
55552711,,0,,0,0,0,0,0
55552801,,0,,0,0,0,0,0
55552811,,0,,0,0,0,0,0
66661101,,0,,0,0,0,0,0
66661201,,0,,0,0,0,0,0
66662101,,0,2009_hit,0.1,0,1,0,0
66662201,,0,,0,0,0,0,0
66662211,,0,,0,0,0,0,0
66662301,,0,YQZN_hit,0,0,0,0,0
66662311,,0,,0,0,0,0,0
66663101,,0,,0,0,0,0,0
66663201,,0,,0,0,0,0,0
66663301,,0,,0,0,0,0,0
66663401,,0,,0,0,0,0,0
66663411,,0,,0,0,0,0,0
66664101,,0,CJZLB_hit,0,0,0,0,0
66664201,,0,,0,0,0,0,0
66664211,,0,,0,0,0,0,0
66664301,,0,,0,0,0,0,0
66664401,,0,,0,0,0,0,0
66664411,,0,,0,0,0,0,0
66665101,,0,BMZL_hit,0.3,0,0,0,0
66665201,,0,3005_hit,0,0,0,0,0
66665301,,0,attack_hit,0,0,0,0,0
66665401,,0,XTZL_hit,0,0,0,0,0
66665411,,0,,0,0,0,0,0
66665402,,0,XTZL_hit1,0,0,0,0,0
66665412,,0,,0,0,0,0,0
88888801,,0,,0,0,0,0,0
88888802,,0,,0,0,0,0,0
88888803,,0,,0,0,0,0,0
88888804,,0,,0,0,0,0,0
88888805,,0,,0,0,0,0,0
88888806,,0,,0,0,0,0,0
88888807,,0,,0,0,0,0,0
88888808,,0,,0,0,0,0,0
88888809,,0,,0,0,0,0,0
88888810,,0,,0,0,0,0,0
88888811,,0,,0,0,0,0,0
88888812,,0,,0,0,0,0,0
999911101,,0,,0,0,0,0,0
999911111,,0,,0,0,0,0,0
999912101,,0,,0,0,0,0,0
999913101,,0,,0,0,0,0,0
999913111,,0,,0,0,0,0,0
999921101,,0,,0,0,0,0,0
999922101,,0,,0,0,0,0,0
999923101,,0,,0,0,0,0,0
999923111,,0,,0,0,0,0,0
999931101,,0,,0,0,0,0,0
999932101,,0,,0,0,0,0,0
999933101,,0,,0,0,0,0,0
999941101,,0,,0,0,0,0,0
999941111,,0,,0,0,0,0,0
999942101,,0,,0,0,0,0,0
999943101,,0,,0,0,0,0,0
999951101,,0,,0,0,0,0,0
999951111,,0,,0,0,0,0,0
999951121,,0,,0,0,0,0,0
999952101,,0,,0,0,0,0,0
999953101,,0,,0,0,0,0,0
999953111,,0,,0,0,0,0,0
200111101,,0,,0,0,0,0,0
200111102,,0,,0,0,0,0,0
200111103,,0,,0,0,0,0,0
200111104,,0,,0,0,0,0,0
200111105,,0,,0,0,0,0,0
200111106,,0,,0,0,0,0,0
200111107,,0,,0,0,0,0,0
200111108,,0,,0,0,0,0,0
200112101,,0,,0,0,0,0,0
200112102,,0,,0,0,0,0,0
200112103,,0,,0,0,0,0,0
200112104,,0,,0,0,0,0,0
200112105,,0,,0,0,0,0,0
200112106,,0,,0,0,0,0,0
200112107,,0,,0,0,0,0,0
200113101,,0,,0,0,0,0,0
200113102,,0,,0,0,0,0,0
200113103,,0,,0,0,0,0,0
200113104,,0,,0,0,0,0,0
200113105,,0,,0,0,0,0,0
200114101,,0,,0,0,0,0,0
200114102,,0,,0,0,0,0,0
200114103,,0,,0,0,0,0,0
210011101,,0,,0,0,0,0,0
210012101,,0,,0,0,0,0,0
210013101,,0,,0,0,0,0,0
210111101,,0,,0,0,0,0,0
210112101,,0,,0,0,0,0,0
210113101,,0,,0,0,0,0,0
210211101,,0,,0,0,0,0,0
210212101,,0,,0,0,0,0,0
210213101,,0,,0,0,0,0,0
210311101,,0,,0,0,0,0,0
210312101,,0,,0,0,0,0,0
210313101,,0,,0,0,0,0,0
210411101,,0,,0,0,0,0,0
210412101,,0,,0,0,0,0,0
210511101,,0,,0,0,0,0,0
210611101,,0,,0,0,0,0,0
210612101,,0,,0,0,0,0,0
210711101,,0,,0,0,0,0,0
210712101,,0,,0,0,0,0,0
210811101,,0,,0,0,0,0,0
210812101,,0,,0,0,0,0,0
210911101,,0,,0,0,0,0,0
210912101,,0,,0,0,0,0,0
211011101,,0,,0,0,0,0,0
211012101,,0,,0,0,0,0,0
211013101,,0,,0,0,0,0,0
211111101,,0,,0,0,0,0,0
211112101,,0,,0,0,0,0,0
211113101,,0,,0,0,0,0,0
211114101,,0,,0,0,0,0,0
211211101,,0,,0,0,0,0,0
211212101,,0,,0,0,0,0,0
211213101,,0,,0,0,0,0,0
211311101,,0,,0,0,0,0,0
211312101,,0,,0,0,0,0,0
211313101,,0,,0,0,0,0,0
211411101,,0,,0,0,0,0,0
211412101,,0,,0,0,0,0,0
211413101,,0,,0,0,0,0,0
211511101,,0,,0,0,0,0,0
211512101,,0,,0,0,0,0,0
211513101,,0,,0,0,0,0,0
211514101,,0,,0,0,0,0,0
211611101,,0,,0,0,0,0,0
211612101,,0,,0,0,0,0,0
211711101,,0,,0,0,0,0,0
211811101,,0,,0,0,0,0,0
211812101,,0,,0,0,0,0,0
211813101,,0,,0,0,0,0,0
211911101,,0,,0,0,0,0,0
212011101,,0,,0,0,0,0,0
212012101,,0,,0,0,0,0,0
212111101,,0,,0,0,0,0,0
212112101,,0,,0,0,0,0,0
212211101,,0,,0,0,0,0,0
212212101,,0,,0,0,0,0,0
212311101,,0,,0,0,0,0,0
212312101,,0,,0,0,0,0,0
212313101,,0,,0,0,0,0,0
212411101,,0,,0,0,0,0,0
212412101,,0,,0,0,0,0,0
212413101,,0,,0,0,0,0,0
212414101,,0,,0,0,0,0,0
212511101,,0,,0,0,0,0,0
212512101,,0,,0,0,0,0,0
212513101,,0,,0,0,0,0,0
212611101,,0,,0,0,0,0,0
212612101,,0,,0,0,0,0,0
212711101,,0,,0,0,0,0,0
212712101,,0,,0,0,0,0,0
212713101,,0,,0,0,0,0,0
212811101,,0,,0,0,0,0,0
212812101,,0,,0,0,0,0,0
212911101,,0,,0,0,0,0,0
213011101,,0,,0,0,0,0,0
213012101,,0,,0,0,0,0,0
213013101,,0,,0,0,0,0,0
213014101,,0,,0,0,0,0,0
213111101,,0,,0,0,0,0,0
213112101,,0,,0,0,0,0,0
213113101,,0,,0,0,0,0,0
213211101,,0,,0,0,0,0,0
213212101,,0,,0,0,0,0,0
213311101,,0,,0,0,0,0,0
213312101,,0,,0,0,0,0,0
213411101,,0,,0,0,0,0,0
213412101,,0,,0,0,0,0,0
213413101,,0,,0,0,0,0,0
213414101,,0,,0,0,0,0,0
213511101,,0,,0,0,0,0,0
213512101,,0,,0,0,0,0,0
213513101,,0,,0,0,0,0,0
213611101,,0,,0,0,0,0,0
213612101,,0,,0,0,0,0,0
213613101,,0,,0,0,0,0,0
213614101,,0,,0,0,0,0,0
223611101,,0,,0,0,0,0,0
223612101,,0,,0,0,0,0,0
223613101,,0,,0,0,0,0,0
223614101,,0,,0,0,0,0,0
213711101,,0,,0,0,0,0,0
213712101,,0,,0,0,0,0,0
213713101,,0,,0,0,0,0,0
213811101,,0,,0,0,0,0,0
213812101,,0,,0,0,0,0,0
213813101,,0,,0,0,0,0,0
213814101,,0,,0,0,0,0,0
223811101,,0,,0,0,0,0,0
223812101,,0,,0,0,0,0,0
223813101,,0,,0,0,0,0,0
223814101,,0,,0,0,0,0,0
213911101,,0,,0,0,0,0,0
213912101,,0,,0,0,0,0,0
213913101,,0,,0,0,0,0,0
214011101,,0,,0,0,0,0,0
214012101,,0,,0,0,0,0,0
214013101,,0,,0,0,0,0,0
214111101,,0,,0,0,0,0,0
214112101,,0,,0,0,0,0,0
214113101,,0,,0,0,0,0,0
214114101,,0,,0,0,0,0,0
224111101,,0,,0,0,0,0,0
224112101,,0,,0,0,0,0,0
224113101,,0,,0,0,0,0,0
224114101,,0,,0,0,0,0,0
214511101,,0,,0,0,0,0,0
214512101,,0,,0,0,0,0,0
214513101,,0,,0,0,0,0,0
214611101,,0,,0,0,0,0,0
214612101,,0,,0,0,0,0,0
214613101,,0,,0,0,0,0,0
214614101,,0,,0,0,0,0,0
224611101,,0,,0,0,0,0,0
224612101,,0,,0,0,0,0,0
224613101,,0,,0,0,0,0,0
224614101,,0,,0,0,0,0,0
214711101,,0,,0,0,0,0,0
214712101,,0,,0,0,0,0,0
214713101,,0,,0,0,0,0,0
214714101,,0,,0,0,0,0,0
214811101,,0,,0,0,0,0,0
214812101,,0,,0,0,0,0,0
214813101,,0,,0,0,0,0,0
214814101,,0,,0,0,0,0,0
224811101,,0,,0,0,0,0,0
224812101,,0,,0,0,0,0,0
224813101,,0,,0,0,0,0,0
224814101,,0,,0,0,0,0,0
214911101,,0,,0,0,0,0,0
214912101,,0,,0,0,0,0,0
214913101,,0,,0,0,0,0,0
214914101,,0,,0,0,0,0,0
224911101,,0,,0,0,0,0,0
224912101,,0,,0,0,0,0,0
224913101,,0,,0,0,0,0,0
224914101,,0,,0,0,0,0,0
215011101,,0,,0,0,0,0,0
215012101,,0,,0,0,0,0,0
215013101,,0,,0,0,0,0,0
215014101,,0,,0,0,0,0,0
225011101,,0,,0,0,0,0,0
225012101,,0,,0,0,0,0,0
225013101,,0,,0,0,0,0,0
225014101,,0,,0,0,0,0,0
215111101,,0,,0,0,0,0,0
215112101,,0,,0,0,0,0,0
215113101,,0,,0,0,0,0,0
215114101,,0,,0,0,0,0,0
215211101,,0,,0,0,0,0,0
215212101,,0,,0,0,0,0,0
215213101,,0,,0,0,0,0,0
215214101,,0,,0,0,0,0,0
225211101,,0,,0,0,0,0,0
225212101,,0,,0,0,0,0,0
225213101,,0,,0,0,0,0,0
225214101,,0,,0,0,0,0,0
215311101,,0,,0,0,0,0,0
215312101,,0,,0,0,0,0,0
215313101,,0,,0,0,0,0,0
215314101,,0,,0,0,0,0,0
225311101,,0,,0,0,0,0,0
225312101,,0,,0,0,0,0,0
225313101,,0,,0,0,0,0,0
225314101,,0,,0,0,0,0,0
215411101,,0,,0,0,0,0,0
215412101,,0,,0,0,0,0,0
215413101,,0,,0,0,0,0,0
215414101,,0,,0,0,0,0,0
225411101,,0,,0,0,0,0,0
225412101,,0,,0,0,0,0,0
225413101,,0,,0,0,0,0,0
225414101,,0,,0,0,0,0,0
215511101,,0,,0,0,0,0,0
215512101,,0,,0,0,0,0,0
215513101,,0,,0,0,0,0,0
215514101,,0,,0,0,0,0,0
225511101,,0,,0,0,0,0,0
225512101,,0,,0,0,0,0,0
225513101,,0,,0,0,0,0,0
225514101,,0,,0,0,0,0,0
215611101,,0,,0,0,0,0,0
215612101,,0,,0,0,0,0,0
215613101,,0,,0,0,0,0,0
215614101,,0,,0,0,0,0,0
225611101,,0,,0,0,0,0,0
225612101,,0,,0,0,0,0,0
225613101,,0,,0,0,0,0,0
225614101,,0,,0,0,0,0,0
215811101,,0,,0,0,0,0,0
215812101,,0,,0,0,0,0,0
215813101,,0,,0,0,0,0,0
215814101,,0,,0,0,0,0,0
215911101,,0,,0,0,0,0,0
215912101,,0,,0,0,0,0,0
215913101,,0,,0,0,0,0,0
215914101,,0,,0,0,0,0,0
225911101,,0,,0,0,0,0,0
225912101,,0,,0,0,0,0,0
225913101,,0,,0,0,0,0,0
225914101,,0,,0,0,0,0,0
215711101,,0,,0,0,0,0,0
215712101,,0,,0,0,0,0,0
215713101,,0,,0,0,0,0,0
215714101,,0,,0,0,0,0,0
216011101,,0,,0,0,0,0,0
216012101,,0,,0,0,0,0,0
216013101,,0,,0,0,0,0,0
216014101,,0,,0,0,0,0,0
216111101,,0,,0,0,0,0,0
216112101,,0,,0,0,0,0,0
216113101,,0,,0,0,0,0,0
216114101,,0,,0,0,0,0,0
216211101,,0,,0,0,0,0,0
216212101,,0,,0,0,0,0,0
216213101,,0,,0,0,0,0,0
216214101,,0,,0,0,0,0,0
226211101,,0,,0,0,0,0,0
226212101,,0,,0,0,0,0,0
226213101,,0,,0,0,0,0,0
226214101,,0,,0,0,0,0,0
216411101,,0,,0,0,0,0,0
216412101,,0,,0,0,0,0,0
216413101,,0,,0,0,0,0,0
216414101,,0,,0,0,0,0,0
226411101,,0,,0,0,0,0,0
226412101,,0,,0,0,0,0,0
226413101,,0,,0,0,0,0,0
226414101,,0,,0,0,0,0,0
216611101,,0,,0,0,0,0,0
216612101,,0,,0,0,0,0,0
216613101,,0,,0,0,0,0,0
216614101,,0,,0,0,0,0,0
226611101,,0,,0,0,0,0,0
226612101,,0,,0,0,0,0,0
226613101,,0,,0,0,0,0,0
226614101,,0,,0,0,0,0,0
216711101,,0,,0,0,0,0,0
216712101,,0,,0,0,0,0,0
216713101,,0,,0,0,0,0,0
216714101,,0,,0,0,0,0,0
226711101,,0,,0,0,0,0,0
226712101,,0,,0,0,0,0,0
226713101,,0,,0,0,0,0,0
226714101,,0,,0,0,0,0,0
216811101,,0,,0,0,0,0,0
216812101,,0,,0,0,0,0,0
216813101,,0,,0,0,0,0,0
216814101,,0,,0,0,0,0,0
226811101,,0,,0,0,0,0,0
226812101,,0,,0,0,0,0,0
226813101,,0,,0,0,0,0,0
226814101,,0,,0,0,0,0,0
217011101,,0,,0,0,0,0,0
217012101,,0,,0,0,0,0,0
217013101,,0,,0,0,0,0,0
217014101,,0,,0,0,0,0,0
217111101,,0,,0,0,0,0,0
217112101,,0,,0,0,0,0,0
217113101,,0,,0,0,0,0,0
217114101,,0,,0,0,0,0,0
227111101,,0,,0,0,0,0,0
227112101,,0,,0,0,0,0,0
227113101,,0,,0,0,0,0,0
227114101,,0,,0,0,0,0,0
237211101,,0,,0,0,0,0,0
237212101,,0,,0,0,0,0,0
237213101,,0,,0,0,0,0,0
237214101,,0,,0,0,0,0,0
217311101,,0,,0,0,0,0,0
217312101,,0,,0,0,0,0,0
217313101,,0,,0,0,0,0,0
217314101,,0,,0,0,0,0,0
227311101,,0,,0,0,0,0,0
227312101,,0,,0,0,0,0,0
227313101,,0,,0,0,0,0,0
227314101,,0,,0,0,0,0,0
217411101,,0,,0,0,0,0,0
217412101,,0,,0,0,0,0,0
217413101,,0,,0,0,0,0,0
217414101,,0,,0,0,0,0,0
227411101,,0,,0,0,0,0,0
227412101,,0,,0,0,0,0,0
227413101,,0,,0,0,0,0,0
227414101,,0,,0,0,0,0,0
217511101,,0,,0,0,0,0,0
217512101,,0,,0,0,0,0,0
217513101,,0,,0,0,0,0,0
217514101,,0,,0,0,0,0,0
227511101,,0,,0,0,0,0,0
227512101,,0,,0,0,0,0,0
227513101,,0,,0,0,0,0,0
227514101,,0,,0,0,0,0,0
217611101,,0,,0,0,0,0,0
217612101,,0,,0,0,0,0,0
217613101,,0,,0,0,0,0,0
217614101,,0,,0,0,0,0,0
227611101,,0,,0,0,0,0,0
227612101,,0,,0,0,0,0,0
227613101,,0,,0,0,0,0,0
227614101,,0,,0,0,0,0,0
217711101,,0,,0,0,0,0,0
217712101,,0,,0,0,0,0,0
217713101,,0,,0,0,0,0,0
217714101,,0,,0,0,0,0,0
227711101,,0,,0,0,0,0,0
227712101,,0,,0,0,0,0,0
227713101,,0,,0,0,0,0,0
227714101,,0,,0,0,0,0,0
217811101,,0,,0,0,0,0,0
217812101,,0,,0,0,0,0,0
217813101,,0,,0,0,0,0,0
217814101,,0,,0,0,0,0,0
227811101,,0,,0,0,0,0,0
227812101,,0,,0,0,0,0,0
227813101,,0,,0,0,0,0,0
227814101,,0,,0,0,0,0,0
217911101,,0,,0,0,0,0,0
217912101,,0,,0,0,0,0,0
217913101,,0,,0,0,0,0,0
217914101,,0,,0,0,0,0,0
218011101,,0,,0,0,0,0,0
218012101,,0,,0,0,0,0,0
218013101,,0,,0,0,0,0,0
218014101,,0,,0,0,0,0,0
218111101,,0,,0,0,0,0,0
218112101,,0,,0,0,0,0,0
218113101,,0,,0,0,0,0,0
218114101,,0,,0,0,0,0,0
228111101,,0,,0,0,0,0,0
228112101,,0,,0,0,0,0,0
228113101,,0,,0,0,0,0,0
228114101,,0,,0,0,0,0,0
218211101,,0,,0,0,0,0,0
218212101,,0,,0,0,0,0,0
218213101,,0,,0,0,0,0,0
218214101,,0,,0,0,0,0,0
228211101,,0,,0,0,0,0,0
228212101,,0,,0,0,0,0,0
228213101,,0,,0,0,0,0,0
228214101,,0,,0,0,0,0,0
218311101,,0,,0,0,0,0,0
218312101,,0,,0,0,0,0,0
218313101,,0,,0,0,0,0,0
218314101,,0,,0,0,0,0,0
228311101,,0,,0,0,0,0,0
228312101,,0,,0,0,0,0,0
228313101,,0,,0,0,0,0,0
228314101,,0,,0,0,0,0,0
