npc_id,name,avatar_path,spine_name,role,job,level,skill_id_list,skill_id_normal_attack,hp,minatk,maxatk,pdef,mdef,def,defend_ignore_level,hit,dhit,cir,dcir,damage_add,damage_minus,crit_damage_add,drain_hp,defend_ignore,physc_def_ignore,magic_def_ignore,debuff_resist,hp_recover,bounce_rate,speed,fight_value
1001,Frost Troll,NPC7.png,NPC7,15,2,81,112202001,0,1729000,186772,193600,6032,10713,10713,18100,32066,90,17583,17583,0,0,0,0,0,0,0,0,0,0,0,1084400
1002,Tundra Wolf,NPC15.png,NPC15,15,2,82,112202001,0,1843000,193811,203200,6229,10920,10920,18700,32462,90,18081,18081,0,0,0,0,0,0,0,0,0,0,0,1243800
1003,Zombie,NPC6.png,NPC6,15,2,83,112202001,0,1957000,200850,212800,6426,11126,11126,19300,32858,90,18579,18579,0,0,0,0,0,0,0,0,0,0,0,1343800
1004,Raven Hag,NPC10.png,NPC10,15,2,84,112202001,0,2071000,207888,222400,6623,11332,11332,19900,33254,90,19077,19077,0,0,0,0,0,0,0,0,0,0,0,1357600
1005,Frost Dragon,NPC1.png,NPC1,15,2,85,112202001,0,2185000,268660,290000,6820,11539,11539,20500,33650,90,19575,19575,0,0,0,0,0,0,0,0,0,0,0,1479200
1006,World Devourer,NPC17.png,NPC17,15,2,86,100304001,0,2299000,221966,241600,7016,11745,11745,21100,34046,90,20073,20073,0,0,0,0,0,0,0,0,0,0,0,1500000
1007,Dwarf Centurion,NPC5.png,NPC5,15,2,87,100304001,0,2413000,229004,251200,7213,11952,11952,21700,34442,90,20571,20571,0,0,0,0,0,0,0,0,0,0,0,1582100
1008,Soul Reaper,NPC4.png,NPC4,15,2,88,100304001,0,2527000,236044,260800,7410,12158,12158,22300,34838,90,21069,21069,0,0,0,0,0,0,0,0,0,0,0,1664200
1009,Luke Blacktooth,NPC11.png,NPC11,15,2,89,112202001,0,2641000,243082,270400,7607,12364,12364,22900,35234,90,21567,21567,0,0,0,0,0,0,0,0,0,0,0,1746300
1010,Stone Mistress,NPC9.png,NPC9,15,3,90,112801001,0,3114100,305776,343680,7935,15250,12708,23900,35894,90,22397,22397,0,0,0,0,0,0,0,0,0,0,0,1951400
1011,Yellow Wind Demon,NPC5.png,NPC5,15,1,91,112202001,0,3161125,308478,346878,8066,15378,12815,24200,36166,100,22708,22708,0,0,0,0,0,0,0,0,0,0,0,2067700
1012,Nine-Headed Serpent,NPC4.png,NPC4,15,2,92,112202001,0,3317875,316156,354556,8464,15677,13064,25400,37162,100,23956,23956,0,0,0,0,0,0,0,0,0,0,0,2184000
1013,Bull Demon King,NPC9.png,NPC9,15,2,93,112202001,0,3474625,323832,362232,8863,15977,13314,26600,38158,100,25204,25204,0,0,0,0,0,0,0,0,0,0,0,2300300
1014,Ganoderma,NPC1.png,NPC1,15,2,94,112202001,0,3631375,331510,369910,9261,16277,13564,27800,39154,100,26452,26452,0,0,0,0,0,0,0,0,0,0,0,2416600
1015,Spirit of Lust,NPC9.png,NPC9,15,2,95,112202001,0,3788125,423984,471984,9660,16576,13813,29000,40150,100,27700,27700,0,0,0,0,0,0,0,0,0,0,0,2532900
1016,Fallen Paladin,NPC1.png,NPC1,15,2,96,100304001,0,3944875,346862,385262,10058,16876,14063,30200,41146,100,28948,28948,0,0,0,0,0,0,0,0,0,0,0,2649200
1017,Witch Hunter,NPC7.png,NPC7,15,2,97,100304001,0,4101625,354540,392940,10456,17174,14312,31400,42142,100,30196,30196,0,0,0,0,0,0,0,0,0,0,0,2765500
1018,Bloodthirst Priest,NPC15.png,NPC15,15,2,98,100304001,0,4258375,362218,400618,10855,17474,14562,32600,43138,100,31444,31444,0,0,0,0,0,0,0,0,0,0,0,2881800
1019,Evil Governer,NPC13.png,NPC13,15,2,99,112202001,0,4415125,369894,408294,11253,17774,14812,33800,44134,100,32692,32692,0,0,0,0,0,0,0,0,0,0,0,2998100
1020,Plague Knight,NPC17.png,NPC17,15,3,100,112801001,0,5101500,446471,491271,11917,21319,15228,35800,45794,100,34772,34772,0,0,0,0,0,0,0,800,0,0,0,3114400
1021,War Knight,NPC1.png,NPC1,15,2,101,110001001|110001001,0,4728625,386558,424958,12052,18440,15367,36160,46233,110,35250,35250,0,0,0,0,0,0,0,800,0,0,0,3480700
1022,Witch Hunter,NPC7.png,NPC7,15,2,102,110001001|110001001,0,4885375,401917,440317,12369,19056,15880,37120,47631,110,36750,36750,0,0,0,0,0,0,0,800,0,0,0,3509800
1023,Eye of Samsara,NPC16.png,NPC16,15,2,103,110001001|110001001,0,5042125,417276,455676,12686,19673,16394,38080,49029,110,38250,38250,0,0,0,0,0,0,0,800,0,0,0,3538900
1024,Oblivion Incarnation,NPC7.png,NPC7,15,2,104,110001001|110001001,0,5198875,432634,471034,13003,20290,16908,39040,50427,110,39750,39750,0,0,0,0,0,0,0,800,0,0,0,3568000
1025,Jorogumo,NPC17.png,NPC17,15,2,105,110001001|113402001,0,5355625,559992,607992,13320,20905,17421,40000,51825,110,41250,41250,0,0,0,0,0,0,0,800,0,0,0,3935900
1026,Hairy Lady,NPC10.png,NPC10,15,2,106,110102001|113402001,0,5512375,463351,501751,13636,21522,17935,40960,53223,110,42750,42750,0,0,0,0,0,0,0,800,0,0,0,4175000
1027,Underworld Scout,NPC15.png,NPC15,15,2,107,110102001|113402001,0,5669125,478709,517109,13953,22138,18448,41920,54621,110,44250,44250,0,0,0,0,0,0,0,800,0,0,0,4414100
1028,Fathom Lurker,NPC7.png,NPC7,15,2,108,110102001|113402001,0,5825875,494069,532469,14270,22754,18962,42880,56019,110,45750,45750,0,0,0,0,0,0,0,800,0,0,0,4653200
1029,Asmodeus,NPC7.png,NPC7,15,2,109,110102001|113402001,0,5982625,509426,547826,14587,23371,19476,43840,57417,110,47250,47250,0,0,0,0,0,0,0,800,0,0,0,4892300
1030,Red-eye Troll,NPC12.png,NPC12,15,1,110,113402001|113402001,0,6811500,624194,668994,15115,28465,20332,45440,59747,110,49750,49750,0,0,0,0,0,0,0,800,0,0,0,5317200
1031,Skira,NPC1.png,NPC1,15,2,111,112302001|110102001,0,6296125,540158,578558,15280,24599,20499,45840,60166,120,50166,50166,0,0,0,0,0,0,0,800,0,0,0,5450400
1032,Skeleton Judge,NPC8.png,NPC8,15,2,112,112302001|110102001,0,6452875,555517,593917,15760,24990,20825,47280,61162,120,51162,51162,0,0,0,0,0,0,0,800,0,0,0,5583600
1033,Headless Knight,NPC1.png,NPC1,15,2,113,112302001|110102001,0,6609625,570876,609276,16240,25382,21152,48720,62158,120,52158,52158,0,0,0,0,0,0,0,800,0,0,0,5716800
1034,Garm,NPC7.png,NPC7,15,2,114,112302001|110102001,0,6766375,586234,624634,16720,25774,21478,50160,63154,120,53154,53154,0,0,0,0,0,0,0,800,0,0,0,5850000
1035,Wraith,NPC6.png,NPC6,15,2,115,112302001|114502001,0,6923125,751992,799992,17200,26165,21804,51600,64150,120,54150,54150,0,0,0,0,0,0,0,800,0,0,0,5983200
1036,Soul Ripper,NPC1.png,NPC1,15,2,116,114502001|110001001,0,7079875,616951,655351,17680,26557,22131,53040,65146,120,55146,55146,0,0,0,0,0,0,0,800,0,0,0,6116400
1037,Tomb Guard,NPC9.png,NPC9,15,2,117,114502001|110001001,0,7236625,632309,670709,18160,26948,22457,54480,66142,120,56142,56142,0,0,0,0,0,0,0,800,0,0,0,6249600
1038,Sand Wraith,NPC13.png,NPC13,15,2,118,114502001|110102001,0,7393375,647669,686069,18640,27341,22784,55920,67138,120,57138,57138,0,0,0,0,0,0,0,800,0,0,0,6382800
1039,Soul Seeker,NPC16.png,NPC16,15,2,119,114502001|112302001,0,7550125,663026,701426,19120,27732,23110,57360,68134,120,58134,58134,0,0,0,0,0,0,0,800,0,0,0,6516000
1040,Ghost Mouth,NPC2.png,NPC2,15,3,120,114502001|113402001,0,8521500,803394,848194,19920,33116,23654,59760,69794,120,59794,59794,0,0,0,0,0,0,0,800,0,0,0,6649200
1041,Shepard of Souls,NPC8.png,NPC8,15,1,121,112102001|100000005,0,7863625,693120,731520,20092,28560,23800,60280,70333,130,60250,60250,0,0,0,0,0,0,0,500,0,0,0,7007000
1042,Evil Knight,NPC2.png,NPC2,15,2,122,112101001|100000005,0,8020375,704640,743040,20649,28939,24116,61960,72331,130,61750,61750,0,0,0,0,0,0,0,500,0,0,0,7364800
1043,Frost Giant,NPC8.png,NPC8,15,2,123,112902001|100000005,0,8177125,716160,754560,21206,29320,24433,63640,74329,130,63250,63250,0,0,0,0,0,0,0,500,0,0,0,7722600
1044,Soul Ripper,NPC1.png,NPC1,15,2,124,112701001|100000005,0,8333875,727680,766080,21763,29700,24750,65320,76327,130,64750,64750,0,0,0,0,0,0,0,500,0,0,0,8080400
1045,Tomb Guard,NPC9.png,NPC9,15,2,125,114602001|100000005,0,8490625,924000,972000,22320,30080,25067,67000,78325,130,66250,66250,0,0,0,0,0,0,0,500,0,0,0,8438200
1046,Carrion Vulture,NPC6.png,NPC6,15,2,126,100000005|112102001,0,8647375,750720,789120,22876,30461,25384,68680,80323,130,67750,67750,0,0,0,0,0,0,0,500,0,0,0,8796000
1047,Jorogumo,NPC17.png,NPC17,15,2,127,100000005|112101001,0,8804125,762240,800640,23433,30840,25700,70360,82321,130,69250,69250,0,0,0,0,0,0,0,500,0,0,0,9153800
1048,Hairy Lady,NPC10.png,NPC10,15,2,128,100000005|112902001,0,8960875,773760,812160,23990,31220,26017,72040,84319,130,70750,70750,0,0,0,0,0,0,0,500,0,0,0,9511600
1049,Underworld Scout,NPC15.png,NPC15,15,2,129,100000005|112701001,0,9117625,785280,823680,24547,31601,26334,73720,86317,130,72250,72250,0,0,0,0,0,0,0,500,0,0,0,9869400
1050,Skeleton Judge,NPC8.png,NPC8,15,3,130,100000005|114602001,0,11084125,938560,983360,25475,37607,26862,76520,89647,130,74750,74750,0,0,0,0,0,0,0,500,0,0,0,10227200
1051,Soul Blacksmith,NPC11.png,NPC11,15,2,131,112102001|100000006,0,10326499,808320,846720,25706,32384,26987,77120,90333,140,75083,75083,0,0,0,0,0,0,0,600,0,0,0,10585000
1052,Shepard of Souls,NPC8.png,NPC8,15,2,132,112101001|100000006,0,10725497,819840,858240,26344,32833,27361,79040,92331,140,75581,75581,0,0,0,0,0,0,0,600,0,0,0,10942800
1053,Evil Knight,NPC2.png,NPC2,15,2,133,112902001|100000006,0,11124494,831360,869760,26983,33283,27736,80960,94329,140,76079,76079,0,0,0,0,0,0,0,600,0,0,0,11300600
1054,Doombringer,NPC8.png,NPC8,15,2,134,114602001|100000006,0,11523492,842880,881280,27621,33732,28110,82880,96327,140,76577,76577,0,0,0,0,0,0,0,600,0,0,0,11658400
1055,Jinx Watcher,NPC11.png,NPC11,15,2,135,115001001|100000006,0,11922490,1068000,1116000,28260,34181,28484,84800,98325,140,77075,77075,0,0,0,0,0,0,0,600,0,0,0,12016200
1056,Primodial Dragon,NPC14.png,NPC14,15,2,136,123601001|100000006,0,12321487,865920,904320,28898,34631,28859,86720,100323,140,77573,77573,0,0,0,0,0,0,0,600,0,0,0,12374000
1057,Pale Lady,NPC4.png,NPC4,15,2,137,115702001|100000006,0,12720485,877440,915840,29536,35080,29233,88640,102321,140,78071,78071,0,0,0,0,0,0,0,600,0,0,0,12731800
1058,Kingslayer,NPC9.png,NPC9,15,2,138,125202001|100000006,0,13119484,888960,927360,30175,35530,29608,90560,104319,140,78569,78569,0,0,0,0,0,0,0,600,0,0,0,63955222
1059,Havenl,NPC15.png,NPC15,15,2,139,100000006|115602001,0,13518481,900480,938880,30813,35978,29982,92480,106317,140,79067,79067,0,0,0,0,0,0,0,600,0,0,0,13447400
1060,Hell Executioner,NPC11.png,NPC11,15,3,140,115602001|100000006,0,16547390,1072960,1117760,31877,42848,30606,95680,109647,140,79897,79897,0,0,0,0,0,0,0,600,0,0,0,13805200
1061,Vine of Withering,NPC9.png,NPC9,15,1,141,111101001|111101001,0,14287999,1001172,1042772,32132,39988,30760,96400,110500,150,80083,80083,0,0,0,0,0,0,0,600,0,0,0,14163000
1062,Abomination,NPC6.png,NPC6,15,2,142,111101001|113101001,0,14515997,1017810,1059410,32929,40469,31130,98800,113500,150,80581,80581,0,0,0,0,0,0,0,600,0,0,0,14520800
1063,Tomb Guard,NPC9.png,NPC9,15,2,143,113101001|111101001,0,14743994,1034449,1076049,33726,40950,31500,101200,116500,150,81079,81079,0,0,0,0,0,0,0,600,0,0,0,14878600
1064,Carrion Vulture,NPC6.png,NPC6,15,2,144,113101001|113102001,0,14971992,1051086,1092686,34523,41430,31869,103600,119500,150,81577,81577,0,0,0,0,0,0,0,600,0,0,0,15236400
1065,Jorogumo,NPC17.png,NPC17,15,2,145,113101001|113101001,0,15199990,1334658,1386658,35320,41911,32239,106000,122500,150,82075,82075,0,0,0,0,0,0,0,600,0,0,0,15594200
1066,Kitsunebi Ghost,NPC1.png,NPC1,15,2,146,113102001|113101001,0,15427987,1084364,1125964,36116,42390,32608,108400,125500,150,82573,82573,0,0,0,0,0,0,0,600,0,0,0,15952000
1067,Spirit of Sloth,NPC8.png,NPC8,15,2,147,113102001|113102001,0,15655985,1101001,1142601,36913,42871,32978,110800,128500,150,83071,83071,0,0,0,0,0,0,0,600,0,0,0,16309800
1068,Plague Lord,NPC11.png,NPC11,15,2,148,114801001|113102001,0,15883984,1117641,1159241,37710,43352,33348,113200,131500,150,83569,83569,0,0,0,0,0,0,0,600,0,0,0,16667600
1069,Cursed Cleric,NPC14.png,NPC14,15,2,149,114801001|112401001,0,16111981,1134279,1175879,38507,43832,33717,115600,134500,150,84067,84067,0,0,0,0,0,0,0,600,0,0,0,17025400
1070,Temple Destroyer,NPC14.png,NPC14,15,1,150,114801001|114802001,0,19240640,1340780,1388780,39835,51500,34333,119600,139500,150,84897,84897,0,0,0,0,0,0,0,600,0,0,0,17383200
1071,Shepard of Souls,NPC8.png,NPC8,15,2,151,114801001|111101001,0,16587000,1256640,1301440,40200,48289,34492,120600,140500,160,85083,85083,0,0,0,0,0,0,0,600,0,0,0,17741000
1072,Evil Knight,NPC2.png,NPC2,15,2,152,114801001|114801001,0,16929000,1270080,1314880,41400,49069,35049,124200,143500,160,85581,85581,0,0,0,0,0,0,0,600,0,0,0,18098800
1073,Doombringer,NPC8.png,NPC8,15,2,153,111501001|114802001,0,17271000,1283520,1328320,42600,49848,35606,127800,146500,160,86079,86079,0,0,0,0,0,0,0,600,0,0,0,18456600
1074,Famine Knight,NPC11.png,NPC11,15,2,154,114801001|111501001,0,17613000,1296960,1341760,43800,50628,36163,131400,149500,160,86577,86577,0,0,0,0,0,0,0,600,0,0,0,18814400
1075,Heel of Bewilderment,NPC5.png,NPC5,15,2,155,111501001|111501001,0,17955000,1638000,1694000,45000,51408,36720,135000,152500,160,87075,87075,0,0,0,0,0,0,0,600,0,0,0,19172200
1076,Ear of Stasis,NPC6.png,NPC6,15,1,156,111501001|124801001,0,18297000,1323840,1368640,46200,52186,37276,138600,155500,160,87573,87573,0,0,0,0,0,0,0,600,0,0,0,19530000
1077,Hashihime,NPC9.png,NPC9,15,2,157,124801001|114801001,0,18639000,1337280,1382080,47400,52966,37833,142200,158500,160,88071,88071,0,0,0,0,0,0,0,600,0,0,0,19887800
1078,Infernal hangman,NPC14.png,NPC14,15,2,158,124801001|112401001,0,18981000,1350720,1395520,48600,53746,38390,145800,161500,160,88569,88569,0,0,0,0,0,0,0,600,0,0,0,20245600
1079,Bone Giant,NPC2.png,NPC2,15,2,159,124802001|124802001,0,19323000,1364160,1408960,49800,54526,38947,149400,164500,160,89067,89067,0,0,0,0,0,0,0,600,0,0,0,20603400
1080,Scythe-wielding Demon,NPC9.png,NPC9,15,1,160,124801001|124802001,0,23208500,1584640,1635840,51800,63800,39875,155400,169500,160,89897,89897,0,0,0,0,0,0,0,600,0,0,0,20961200
1081,Fallen Angel,NPC4.png,NPC4,15,2,161,110002001|114002001,0,23374750,1789438,1847038,52266,72479,40266,156800,170500,170,90083,90083,0,0,0,0,0,0,0,600,0,0,0,21319000
1082,Man-faced Spider,NPC16.png,NPC16,15,2,162,114002001|110002001,0,23973250,1812476,1870076,53864,75355,41864,161600,173500,170,90581,90581,0,0,0,0,0,0,0,600,0,0,0,21676800
1083,Blackwing Angel,NPC9.png,NPC9,15,2,163,110002001|114602001,0,24571750,1835514,1893114,55463,78233,43463,166400,176500,170,91079,91079,0,0,0,0,0,0,0,600,0,0,0,22034600
1084,Soul Blacksmith,NPC11.png,NPC11,15,2,164,114602001|110002001,0,25170250,1858550,1916150,57061,81110,45061,171200,179500,170,91577,91577,0,0,0,0,0,0,0,600,0,0,0,22392400
1085,Dwarf Centurion,NPC5.png,NPC5,15,2,165,114602001|114002001,0,25768750,2351988,2423988,58660,83988,46660,176000,182500,170,92075,92075,0,0,0,0,0,0,0,600,0,0,0,22750200
1086,Soul Reaper,NPC4.png,NPC4,15,2,166,114002001|114602001,0,26367250,1904627,1962227,60258,86864,48258,180800,185500,170,92573,92573,0,0,0,0,0,0,0,600,0,0,0,23108000
1087,Minotaur,NPC4.png,NPC4,15,2,167,110002001|111102001,0,26965750,1927663,1985263,61856,89741,49856,185600,188500,170,93071,93071,0,0,0,0,0,0,0,600,0,0,0,23465800
1088,Dead Souls,NPC15.png,NPC15,15,2,168,114002001|111102001,0,27564250,1950703,2008303,63455,92619,51455,190400,191500,170,93569,93569,0,0,0,0,0,0,0,600,0,0,0,23823600
1089,Grave Wanderer,NPC6.png,NPC6,15,2,169,114602001|111102001,0,28162750,1973740,2031340,65053,95495,53053,195200,194500,170,94067,94067,0,0,0,0,0,0,0,600,0,0,0,24181400
1090,Tomb Guardian,NPC5.png,NPC5,15,3,170,115702001|111102001,0,33326000,2235706,2299706,67717,111434,55717,203200,199500,170,94897,94897,0,0,0,0,0,0,0,600,0,0,0,24539200
1091,Nether Wraith,NPC12.png,NPC12,15,1,171,111102001|115202001,0,29437332,2471040,2541440,68332,123785,56266,205000,200833,180,95083,95083,0,0,0,0,0,0,0,600,0,0,0,24897000
1092,Sand Eagle,NPC8.png,NPC8,15,2,172,111102001|100110001,0,30501330,2513280,2583680,70329,127301,57864,211000,205831,180,95581,95581,0,0,0,0,0,0,0,600,0,0,0,25254800
1093,Tamamo no Mae,NPC9.png,NPC9,15,2,173,100110001|111102001,0,31565327,2555520,2625920,72326,130819,59463,217000,210829,180,96079,96079,0,0,0,0,0,0,0,600,0,0,0,25612600
1094,Evil Governer,NPC13.png,NPC13,15,2,174,100110001|114602001,0,32629324,2597760,2668160,74323,134334,61061,223000,215827,180,96577,96577,0,0,0,0,0,0,0,600,0,0,0,25970400
1095,Corrupted Leviathan,NPC15.png,NPC15,15,2,175,114602001|100110001,0,33693321,3300000,3388000,76320,137852,62660,229000,220825,180,97075,97075,0,0,0,0,0,0,0,600,0,0,0,26328200
1096,Frost Giant,NPC8.png,NPC8,15,2,176,114602001|115702001,0,34757318,2682240,2752640,78316,141368,64258,235000,225823,180,97573,97573,0,0,0,0,0,0,0,600,0,0,0,26686000
1097,Soul Ripper,NPC1.png,NPC1,15,2,177,115702001|114602001,0,35821316,2724480,2794880,80313,144883,65856,241000,230821,180,98071,98071,0,0,0,0,0,0,0,600,0,0,0,27043800
1098,Tomb Guard,NPC9.png,NPC9,15,2,178,111102001|111102001,0,36885314,2766720,2837120,82310,148401,67455,247000,235819,180,98569,98569,0,0,0,0,0,0,0,600,0,0,0,27401600
1099,Carrion Vulture,NPC6.png,NPC6,15,2,179,100110001|115702001,0,37949311,2808960,2879360,84307,151917,69053,253000,240817,180,99067,99067,0,0,0,0,0,0,0,600,0,0,0,27759400
1100,Hairy Lady,NPC10.png,NPC10,15,3,180,100110001|100110001,0,51071965,3141120,3217920,87635,172121,71717,263000,249147,180,99897,99897,0,0,0,0,0,0,0,600,0,0,0,28117200
1101,Infernal hangman,NPC14.png,NPC14,15,2,181,112201001|112201001,0,45853331,3415360,3498560,88332,187892,72266,265000,250833,190,100083,100083,0,0,0,0,0,0,0,600,0,0,0,28475000
1102,Bone Giant,NPC2.png,NPC2,15,2,182,112201001|114001001,0,47373325,3440320,3523520,90329,192046,73864,271000,255831,190,100581,100581,0,0,0,0,0,0,0,600,0,0,0,28832800
1103,Witch Hunter,NPC7.png,NPC7,15,2,183,114001001|112201001,0,48893320,3465280,3548480,92326,196204,75463,277000,260829,190,101079,101079,0,0,0,0,0,0,0,600,0,0,0,29190600
1104,Bloodthirst Priest,NPC15.png,NPC15,15,2,184,112201001|115002001,0,50413314,3490240,3573440,94323,200359,77061,283000,265827,190,101577,101577,0,0,0,0,0,0,0,600,0,0,0,31492000
1105,Evil Governer,NPC13.png,NPC13,15,2,185,112201001|114002001,0,51933307,4394000,4498000,96320,204516,78660,289000,270825,190,102075,102075,0,0,0,0,0,0,0,600,0,0,0,33793400
1106,Nightmare Weaver,NPC7.png,NPC7,15,2,186,114001001|114002001,0,53453301,3540160,3623360,98316,208671,80258,295000,275823,190,102573,102573,0,0,0,0,0,0,0,600,0,0,0,36094800
1107,Plague Knight,NPC17.png,NPC17,15,2,187,114001001|114502001,0,54973294,3565120,3648320,100313,212826,81856,301000,280821,190,103071,103071,0,0,0,0,0,0,0,600,0,0,0,38396200
1108,Oblivion Guadian,NPC15.png,NPC15,15,2,188,114001001|115002001,0,56493290,3590080,3673280,102310,216983,83455,307000,285819,190,103569,103569,0,0,0,0,0,0,0,600,0,0,0,40697600
1109,Dragon Priest,NPC14.png,NPC14,15,2,189,114001001|113002001,0,58013283,3615040,3698240,104307,221138,85053,313000,290817,190,104067,104067,0,0,0,0,0,0,0,600,0,0,0,42999000
1110,Kingslayer,NPC9.png,NPC9,15,3,190,115001001|114601001,0,68114932,3937920,4027520,107635,245608,87717,323000,299147,190,104897,104897,0,0,0,0,0,0,0,600,0,0,0,45300400
1111,Soul Reaper,NPC4.png,NPC4,15,1,191,115001001|114502001,0,60926666,4227195,4323195,108332,264798,88266,325000,300833,195,105083,105083,0,0,0,0,0,0,0,600,0,0,0,47601800
1112,Eye of Samsara,NPC16.png,NPC16,15,2,192,115001001|114001001,0,62446659,4265580,4361580,112326,274389,91463,337000,310829,195,106079,106079,0,0,0,0,0,0,0,600,0,0,0,49903200
1113,Pandora,2013.png,PDL2,15,2,193,114601001|114502001,0,63966653,5379960,5499960,116320,283980,94660,349000,320825,195,107075,107075,0,0,0,0,0,0,0,600,0,0,0,52204600
1114,Minotaur,NPC4.png,NPC4,15,2,194,114601001|113002001,0,65486646,4342350,4438350,120313,293568,97856,361000,330821,195,108071,108071,0,0,0,0,0,0,0,600,0,0,0,54506000
1115,Mammoth Giant,NPC4.png,NPC4,15,2,195,114601001|115402001,0,67006642,4380735,4476735,124307,303159,101053,373000,340817,195,109067,109067,0,0,0,0,0,0,0,600,0,0,0,56807400
1116,Ear of Stasis,NPC16.png,NPC16,15,2,196,115001001|115002001,0,68780000,4422396,4518396,128532,312798,104266,385600,352500,200,110666,110666,0,0,0,0,0,0,0,600,0,0,0,59108800
1117,Wraith,NPC6.png,NPC6,15,2,197,112201001|115402001,0,73340000,4499190,4595190,134926,322389,107463,404800,382500,200,118658,118658,0,0,0,0,0,0,0,600,0,0,0,61410200
1118,Hades,2048.png,HDS2,15,2,198,115002001|115402001,0,77900000,5719980,5839980,141320,331980,110660,424000,412500,200,126650,126650,0,0,0,0,0,0,0,600,0,0,0,63711600
1119,Dark Elf,NPC6.png,NPC6,15,2,199,114502001|115402001,0,82460000,4652772,4748772,147713,341568,113856,443200,442500,200,134642,134642,0,0,0,0,0,0,0,600,0,0,0,66013000
1120,Witch Hunter,NPC7.png,NPC7,15,2,200,115001001|113002001,0,97897500,5044870,5147270,154107,351159,117053,462400,472500,200,142634,142634,0,0,0,0,0,0,0,800,0,0,0,70314400
1121,Hephaestus,2041.png,HFSTS2,15,3,200,113902001|113902001,0,92862500,6117292,6241292,154640,340228,117320,464000,475000,200,143300,171960,0,0,0,0,0,0,0,600,0,0,0,74615800
1122,Evil Knight,NPC2.png,NPC2,15,1,200,113901001|113902001,0,93266250,4900443,4999643,155172,340999,117586,465600,477500,200,143966,172759,0,0,0,0,0,0,0,600,0,0,0,78917200
1123,Nightmare Weaver,NPC7.png,NPC7,15,2,200,115501001|113902001,0,93670000,4907055,5006255,155705,341771,117852,467200,480000,200,144632,173558,0,0,0,0,0,0,0,600,0,0,0,83218600
1124,Ripper,NPC13.png,NPC13,15,3,200,123602001|113902001,0,94073750,4913671,5012871,156238,342545,118119,468800,482500,200,145298,174358,0,0,0,0,0,0,0,600,0,0,0,87520000
1125,Lady of Snow,NPC10.png,NPC10,15,1,200,123602001|115502001,0,94477500,4920283,5019483,156771,343317,118385,470400,485000,200,145964,175157,0,0,0,0,0,0,0,600,0,0,0,91821400
1126,Valkyrie,2016.png,WEJL2,15,2,200,115501001|115502001,0,94881250,6158621,6282621,157304,344091,118652,472000,487500,200,146630,175956,0,0,0,0,0,0,0,600,0,0,0,96122800
1127,Mist Walker,NPC10.png,NPC10,15,3,200,115501001|115502001,0,95285000,4933507,5032707,157836,344862,118918,473600,490000,200,147296,176755,0,0,0,0,0,0,0,600,0,0,0,100424200
1128,Mandrill,NPC12.png,NPC12,15,1,200,115501001|115502001,0,95688750,4940120,5039320,158369,345634,119184,475200,492500,200,147962,177554,0,0,0,0,0,0,0,600,0,0,0,104725600
1129,Plague Follower,NPC4.png,NPC4,15,2,200,123601001|113902001,0,96092500,4946732,5045932,158902,346408,119451,476800,495000,200,148628,178354,0,0,0,0,0,0,0,600,0,0,0,109027000
1130,Frost Dragon,NPC1.png,NPC1,15,1,201,123601001|123602001,0,112788750,6785625,6912665,176497,427800,138000,484500,518747,205,153753,184504,0,0,0,0,30,0,0,600,0,0,0,113328400
1131,Geb,2009.png,GB2,15,2,201,125202001|113902001,0,107325000,6600000,6722656,178330,420000,140000,485000,520830,205,154170,185004,0,0,0,0,50,0,0,600,0,0,0,117629800
1132,Famine Knight,NPC11.png,NPC11,15,3,201,113902001|125202001,0,107797500,6620000,6742122,180163,426000,142000,485500,522913,205,154587,185504,0,0,0,0,50,0,0,600,0,0,0,121931200
1133,Death Knight,NPC10.png,NPC10,15,1,201,123601001|125202001,0,108270000,6640000,6761587,181996,432000,144000,486000,524996,205,155004,186005,0,0,0,0,50,0,0,600,0,0,0,126232600
1134,Eye of Samsara,NPC16.png,NPC16,15,2,201,115501001|125202001,0,108742500,6660000,6781053,183829,438000,146000,486500,527079,205,155421,186505,0,0,0,0,50,0,0,600,0,0,0,130534000
1135,Kappa Virginis,NPC6.png,NPC6,15,1,201,115501001|125202001,0,109215000,6680000,6800518,185662,444000,148000,487000,529162,205,155838,187006,0,0,0,0,50,0,0,600,0,0,0,134835400
1136,Nuit,2011.png,NT2,15,3,201,125202001|115501001,0,109687500,6700000,6819984,187495,450000,150000,487500,531245,205,156255,187506,0,0,0,0,70,0,0,600,0,0,0,139136800
1137,Ear of Stasis,NPC16.png,NPC16,15,2,201,123602001|115502001,0,110160000,6720000,6839450,189328,456000,152000,488000,533328,205,156672,188006,0,0,0,0,70,0,0,600,0,0,0,143438200
1138,Mouth of Rebellion,NPC6.png,NPC6,15,3,201,115501001|123602001,0,110632500,6740000,6858915,191161,462000,154000,488500,535411,205,157089,188507,0,0,0,0,70,0,0,600,0,0,0,147739600
1139,Jorogumo,NPC17.png,NPC17,15,1,201,115501001|123602001,0,111105000,6760000,6878381,192994,468000,156000,489000,537494,205,157506,189007,0,0,0,0,70,0,0,600,0,0,0,152041000
1140,Tamamo no Mae,NPC9.png,NPC9,15,1,202,123602001|123602001,0,129225000,7416250,7535784,213157,569600,178000,494500,560407,205,162093,194512,0,0,0,0,120,0,0,600,0,0,0,156342400
1141,Gaia,2012.png,GY1,15,3,202,100000001|110302001,0,129750000,7218750,7334217,214990,558000,180000,495000,562490,205,162510,195012,0,0,0,0,150,0,0,600,0,0,0,160643800
1142,Asmodeus,NPC7.png,NPC7,15,2,202,100000002|110302001,0,130275000,7239375,7354291,216823,564200,182000,495500,564573,205,162927,195512,0,0,0,0,150,0,0,600,0,0,0,164945200
1143,Scythe-wielding Demon,NPC9.png,NPC9,15,3,202,100000001|114502001,0,130800000,7260000,7374365,218656,570400,184000,496000,566656,205,163344,196013,0,0,0,0,150,0,0,600,0,0,0,169246600
1144,Fallen Angel,NPC4.png,NPC4,15,1,202,100000002|114502001,0,131325000,7280625,7394439,220489,576600,186000,496500,568739,205,163761,196513,0,0,0,0,150,0,0,600,0,0,0,173548000
1145,Plague Chanter,NPC17.png,NPC17,15,2,202,100000001|100000001,0,131850000,7301250,7414513,222322,582800,188000,497000,570822,205,164178,197014,0,0,0,0,150,0,0,600,0,0,0,177849400
1146,Nike,2014.png,NK2,15,1,202,100000001|110302001,0,132375000,7321875,7434587,224155,589000,190000,497500,572905,205,164595,197514,0,0,0,0,170,0,0,600,0,0,0,182150800
1147,Frost Giant,NPC8.png,NPC8,15,3,202,100000002|110302001,0,132900000,7342500,7454660,225988,595200,192000,498000,574988,205,165012,198014,0,0,0,0,170,0,0,600,0,0,0,186452200
1148,Minotaur,NPC4.png,NPC4,15,2,202,100000001|114502001,0,133425000,7363125,7474734,227821,601400,194000,498500,577071,205,165429,198515,0,0,0,0,170,0,0,600,0,0,0,190753600
1149,Faun,NPC16.png,NPC16,15,3,202,100000002|114502001,0,133950000,7383750,7494808,229654,607600,196000,499000,579154,205,165846,199015,0,0,0,0,170,0,0,600,0,0,0,195055000
1150,Mammoth Giant,NPC4.png,NPC4,15,3,203,100000002|100000002,0,153697500,8071875,8183235,249817,719400,218000,504500,602067,205,170433,204520,0,0,0,0,220,0,0,600,0,0,0,199356400
1151,Izanami,2046.png,YXNM2,15,2,203,100000003|110302001,0,154275000,7862500,7970110,251650,704000,220000,505000,604150,205,170850,205020,0,0,0,0,250,0,0,600,0,0,0,203657800
1152,Ogre,NPC22.png,NPC22,15,1,203,100000004|110302001,0,154852500,7883750,7990792,253483,710400,222000,505500,606233,205,171267,205520,0,0,0,0,250,0,0,800,0,0,0,207959200
1153,Blackwing Angel,NPC9.png,NPC9,15,2,203,100000003|114502001,0,155430000,7905000,8011474,255316,716800,224000,506000,608316,205,171684,206021,0,0,0,0,250,0,0,800,0,0,0,212260600
1154,Witch Hunter,NPC7.png,NPC7,15,3,203,100000004|114502001,0,156007500,7926250,8032157,257149,723200,226000,506500,610399,205,172101,206521,0,0,0,0,250,0,0,800,0,0,0,216562000
1155,Wraith,NPC6.png,NPC6,15,2,203,100000003|100000003,0,156585000,7947500,8052839,258982,729600,228000,507000,612482,205,172518,207022,0,0,0,0,250,0,0,800,0,0,0,220863400
1156,Ra,2037.png,R4,15,3,203,100000003|110302001,0,157162500,7968750,8073521,260815,736000,230000,507500,614565,205,172935,207522,0,0,0,0,270,0,0,800,0,0,0,225164800
1157,Shadow Lady,NPC26.png,NPC26,15,1,203,100000004|110302001,0,157740000,7990000,8094203,262648,742400,232000,508000,616648,205,173352,208022,0,0,0,0,270,0,0,800,0,0,0,229466200
1158,Mouth of Rebellion,NPC6.png,NPC6,15,1,203,100000003|114502001,0,158317500,8011250,8114885,264481,748800,234000,508500,618731,205,173769,208523,0,0,0,0,270,0,0,800,0,0,0,233767600
1159,Soul Reaper,NPC4.png,NPC4,15,3,203,100000004|114502001,0,158895000,8032500,8135568,266314,755200,236000,509000,620814,205,174186,209023,0,0,0,0,270,0,0,800,0,0,0,238069000
1160,Frost Dragon,NPC1.png,NPC1,15,1,204,100000004|100000004,0,180270000,8752500,8855017,286477,877200,258000,514500,643727,205,178773,214528,0,0,0,0,370,0,0,800,0,0,0,242370400
1161,Izanami,2046.png,YXNM2,15,2,204,113701001|113701001,0,180900000,8531250,8630335,288310,858000,260000,515000,645810,205,179190,215028,0,0,0,0,400,0,0,800,0,0,0,246671800
1162,Soul Reaper,NPC4.png,NPC4,15,3,204,115901001|113701001,0,181530000,8553125,8651626,290143,864600,262000,515500,647893,205,179607,215528,0,0,0,0,400,0,0,800,0,0,0,250973200
1163,Dark Elf,NPC6.png,NPC6,15,1,204,113701001|115901001,0,182160000,8575000,8672916,291976,871200,264000,516000,649976,205,180024,216029,0,0,0,0,400,0,0,800,0,0,0,255274600
1164,Wraith,NPC6.png,NPC6,15,2,204,115901001|115901001,0,182790000,8596875,8694207,293809,877800,266000,516500,652059,205,180441,216529,0,0,0,0,400,0,0,800,0,0,0,259576000
1165,Shadow Sage,2012.png,NPC44,15,3,204,115901001|115902001,0,183420000,8618750,8715497,295642,884400,268000,517000,654142,205,180858,217030,0,0,0,0,400,0,0,800,0,0,0,263877400
1166,Raphael,2017.png,LFE0,15,1,204,115801001|115902001,0,184050000,8640625,8736788,297475,891000,270000,517500,656225,205,181275,217530,0,0,0,0,420,0,0,800,0,0,0,268178800
1167,Ear of Stasis,NPC16.png,NPC16,15,2,204,115902001|115801001,0,184680000,8662500,8758078,299308,897600,272000,518000,658308,205,181692,218030,0,0,0,0,420,0,0,800,0,0,0,272480200
1168,Mouth of Rebellion,NPC6.png,NPC6,15,3,204,115801001|115801001,0,185310000,8684375,8779369,301141,904200,274000,518500,660391,205,182109,218531,0,0,0,0,420,0,0,800,0,0,0,276781600
1169,Jorogumo,NPC17.png,NPC17,15,1,204,115801001|115901001,0,185940000,8706250,8800659,302974,910800,276000,519000,662474,205,182526,219031,0,0,0,0,420,0,0,800,0,0,0,281083000
1170,Griffin,NPC5.png,NPC5,15,3,205,115902001|115902001,0,208942500,9458125,9551132,323137,1043000,298000,524500,685387,205,187113,224536,0,0,0,0,470,0,0,800,0,0,0,285384400
1171,Cupid,2047.png,QBT2,15,1,205,115601001|114702001,0,209625000,9225000,9314892,324970,1020000,300000,525000,687470,205,187530,225036,0,0,0,0,500,0,0,800,0,0,0,289685800
1172,Hitouban,NPC2.png,NPC2,15,2,205,114701001|113701001,0,210307500,9247500,9336791,326803,1026800,302000,525500,689553,205,187947,225536,0,0,0,0,500,0,0,800,0,0,0,293987200
1173,Alphard,NPC8.png,NPC8,15,3,205,113701001|114701001,0,210990000,9270000,9358690,328636,1033600,304000,526000,691636,205,188364,226037,0,0,0,0,500,0,0,800,0,0,0,298288600
1174,Enenra,NPC4.png,NPC4,15,1,205,114701001|114702001,0,211672500,9292500,9380588,330469,1040400,306000,526500,693719,205,188781,226537,0,0,0,0,500,0,0,800,0,0,0,302590000
1175,Alpha Crateris,NPC13.png,NPC13,15,2,205,115601001|115901001,0,212355000,9315000,9402487,332302,1047200,308000,527000,695802,205,189198,227038,0,0,0,0,500,0,0,800,0,0,0,306891400
1176,Odin,2035.png,AD2,15,3,205,114701001|115901001,0,213037500,9337500,9424386,334135,1054000,310000,527500,697885,205,189615,227538,0,0,0,0,520,0,0,800,0,0,0,311192800
1177,Soul Reaper,NPC4.png,NPC4,15,1,205,115901001|114701001,0,213720000,9360000,9446285,335968,1060800,312000,528000,699968,205,190032,228038,0,0,0,0,520,0,0,800,0,0,0,315494200
1178,Dark Elf,NPC6.png,NPC6,15,2,205,115601001|115601001,0,214402500,9382500,9468184,337801,1067600,314000,528500,702051,205,190449,228539,0,0,0,0,520,0,0,800,0,0,0,319795600
1179,Wraith,NPC6.png,NPC6,15,3,205,115601001|113001001,0,215085000,9405000,9490082,339634,1074400,316000,529000,704134,205,190866,229039,0,0,0,0,520,0,0,800,0,0,0,324097000
1180,Witch Hunter,NPC7.png,NPC7,15,2,206,114701001|113001001,0,239715000,10188750,10271579,359797,1216800,338000,534500,727047,210,195453,234544,0,0,0,0,570,0,0,800,0,0,0,328398400
1181,Hephaestus,2041.png,HFSTS2,15,3,206,110001001|110001001,0,240450000,9943750,10023781,361630,1190000,340000,535000,729130,210,195870,235044,0,0,0,0,600,0,0,800,0,0,0,332699800
1182,Evil Knight,NPC2.png,NPC2,15,1,206,110001001|110001001,0,241185000,9966875,10046288,363463,1197000,342000,535500,731213,210,196287,235544,0,0,0,0,600,0,0,800,0,0,0,337001200
1183,Nightmare Weaver,NPC7.png,NPC7,15,2,206,110001001|110001001,0,241920000,9990000,10068795,365296,1204000,344000,536000,733296,210,196704,236045,0,0,0,0,600,0,0,800,0,0,0,341302600
1184,Ripper,NPC13.png,NPC13,15,3,206,110001001|110001001,0,242655000,10013125,10091302,367129,1211000,346000,536500,735379,210,197121,236545,0,0,0,0,600,0,0,800,0,0,0,345604000
1185,Lady of Snow,NPC10.png,NPC10,15,1,206,110001001|113402001,0,243390000,10036250,10113809,368962,1218000,348000,537000,737462,210,197538,237046,0,0,0,0,600,0,0,800,0,0,0,349905400
1186,Erebus,2031.png,ERBS2,15,2,206,110102001|113402001,0,244125000,10059375,10136317,370795,1225000,350000,537500,739545,210,197955,237546,0,0,0,0,630,0,0,800,0,0,0,354206800
1187,Mist Walker,NPC10.png,NPC10,15,3,206,110102001|113402001,0,244860000,10082500,10158824,372628,1232000,352000,538000,741628,210,198372,238046,0,0,0,0,630,0,0,800,0,0,0,358508200
1188,Mandrill,NPC12.png,NPC12,15,3,206,110102001|113402001,0,245595000,10105625,10181331,374461,1239000,354000,538500,743711,210,198789,238547,0,0,0,0,630,0,0,800,0,0,0,362809600
1189,Plague Follower,NPC4.png,NPC4,15,2,206,110102001|113402001,0,246330000,10128750,10203838,376294,1246000,356000,539000,745794,210,199206,239047,0,0,0,0,630,0,0,800,0,0,0,367111000
1190,Earthly Giant,NPC22.png,NPC22,15,2,207,113402001|113402001,0,272587500,10944375,11016357,396457,1398600,378000,544500,768707,210,203793,244552,0,0,0,0,650,0,0,800,0,0,0,371412400
1191,Warden of Souls,2035.png,AD0,15,3,207,112302001|110102001,0,273375000,10687500,10757002,398290,1368000,380000,545000,770790,210,204210,245052,0,0,0,0,660,0,0,800,0,0,0,375713800
1192,Bear Lady,2007.png,XN0,15,1,207,112302001|110102001,0,274162500,10711250,10780117,400123,1375200,382000,545500,772873,210,204627,245552,0,0,0,0,660,0,0,800,0,0,0,380015200
1193,Fire sacrifice,NPC31.png,NPC31,15,2,207,112302001|110102001,0,274950000,10735000,10803233,401956,1382400,384000,546000,774956,210,205044,246053,0,0,0,0,660,0,0,800,0,0,0,384316600
1194,Black Dragon,NPC46.png,NPC46,15,3,207,112302001|110102001,0,275737500,10758750,10826348,403789,1389600,386000,546500,777039,210,205461,246553,0,0,0,0,660,0,0,800,0,0,0,388618000
1195,Ink Lady,2046.png,YXNM0,15,1,207,112302001|114502001,0,276525000,10782500,10849464,405622,1396800,388000,547000,779122,210,205878,247054,0,0,0,0,660,0,0,800,0,0,0,392919400
1196,Fox Fairy,NPC31.png,NPC31,15,2,207,114502001|110001001,0,277312500,10806250,10872579,407455,1404000,390000,547500,781205,210,206295,247554,0,0,0,0,670,0,0,800,0,0,0,397220800
1197,Peacock banshee,NPC22.png,NPC22,15,3,207,114502001|110001001,0,278100000,10830000,10895694,409288,1411200,392000,548000,783288,210,206712,248054,0,0,0,0,670,0,0,800,0,0,0,401522200
1198,Horse Face,NPC37.png,NPC37,15,1,207,114502001|110102001,0,278887500,10853750,10918810,411121,1418400,394000,548500,785371,210,207129,248555,0,0,0,0,670,0,0,800,0,0,0,405823600
1199,Hell Maid,2015.png,YD0,15,2,207,114502001|112302001,0,279675000,10877500,10941925,412954,1425600,396000,549000,787454,210,207546,249055,0,0,0,0,670,0,0,800,0,0,0,410125000
1200,Dark Dragon,NPC28.png,NPC28,15,1,208,114502001|113402001,0,307560000,12018125,12080105,433117,1588400,418000,554500,810367,210,212133,254560,0,0,0,0,690,0,0,800,0,0,0,424426400
1201,Odin,2035.png,AD0,15,3,208,112102001|100000005,0,308400000,11750000,11809800,434950,1554000,420000,555000,812450,210,212550,255060,0,0,0,0,700,0,0,800,0,0,0,438727800
1202,Shadow Demon,NPC52.png,NPC52,15,2,208,112101001|100000005,0,309240000,11775000,11834132,436783,1561400,422000,555500,814533,210,212967,255560,0,0,0,0,700,0,0,800,0,0,0,453029200
1203,Shadow Lady,NPC26.png,NPC26,15,1,208,112902001|100000005,0,310080000,11800000,11858464,438616,1568800,424000,556000,816616,210,213384,256061,0,0,0,0,700,0,0,800,0,0,0,467330600
1204,Criminal God,NPC46.png,NPC46,15,2,208,112701001|100000005,0,310920000,11825000,11882796,440449,1576200,426000,556500,818699,210,213801,256561,0,0,0,0,700,0,0,800,0,0,0,481632000
1205,Clone of Nuit,2011.png,NT0,15,3,208,114602001|100000005,0,311760000,11850000,11907128,442282,1583600,428000,557000,820782,210,214218,257062,0,0,0,0,700,0,0,800,0,0,0,495933400
1206,Eagle Head,NPC34.png,NPC34,15,1,208,100000005|112102001,0,312600000,11875000,11931460,444115,1591000,430000,557500,822865,210,214635,257562,0,0,0,0,710,0,0,800,0,0,0,510234800
1207,Naga Banshee,NPC27.png,NPC27,15,2,208,100000005|112101001,0,313440000,11900000,11955792,445948,1598400,432000,558000,824948,210,215052,258062,0,0,0,0,710,0,0,800,0,0,0,524536200
1208,Mikael,2020.png,MS0,15,3,208,100000005|112902001,0,314280000,11925000,11980124,447781,1605800,434000,558500,827031,210,215469,258563,0,0,0,0,710,0,0,800,0,0,0,538837600
1209,Lucifer,2024.png,LLS2,15,1,208,100000005|112701001,0,315120000,11950000,12004456,449614,1613200,436000,559000,829114,210,215886,259063,0,0,0,0,710,0,0,800,0,0,0,553139000
1210,Eagle Head,NPC34.png,NPC34,15,3,209,100000005|114602001,0,344632500,13141875,13192516,469777,1786200,458000,564500,852027,210,220473,264568,0,0,0,0,730,0,0,800,0,0,0,567440400
1211,Sphinx,2036.png,FTSS0,15,1,209,112102001|100000006,0,345525000,12862500,12911262,471610,1748000,460000,565000,854110,210,220890,265068,0,0,0,0,740,0,0,800,0,0,0,581741800
1212,Verdandi,2022.png,BLDD1,15,2,209,112101001|100000006,0,346417500,12888750,12936811,473443,1755600,462000,565500,856193,210,221307,265568,0,0,0,0,740,0,0,800,0,0,0,596043200
1213,Anubis,2034.png,ANBS0,15,3,209,112902001|100000006,0,347310000,12915000,12962359,475276,1763200,464000,566000,858276,210,221724,266069,0,0,0,0,740,0,0,800,0,0,0,610344600
1214,Venomous King,NPC25.png,NPC25,15,1,209,114602001|100000006,0,348202500,12941250,12987908,477109,1770800,466000,566500,860359,210,222141,266569,0,0,0,0,740,0,0,800,0,0,0,624646000
1215,Tree Essence,NPC23.png,NPC23,15,2,209,115001001|100000006,0,349095000,12967500,13013456,478942,1778400,468000,567000,862442,210,222558,267070,0,0,0,0,740,0,0,800,0,0,0,638947400
1216,Fire sacrifice,NPC31.png,NPC31,15,3,209,123601001|100000006,0,349987500,12993750,13039005,480775,1786000,470000,567500,864525,210,222975,267570,0,0,0,0,750,0,0,800,0,0,0,653248800
1217,Yan,NPC30.png,NPC30,15,1,209,115702001|100000006,0,350880000,13020000,13064554,482608,1793600,472000,568000,866608,210,223392,268070,0,0,0,0,750,0,0,800,0,0,0,667550200
1218,Idun,2015.png,YD0,15,2,209,115702001|100000006,0,351772500,13046250,13090102,484441,1801200,474000,568500,868691,210,223809,268571,0,0,0,0,750,0,0,800,0,0,0,681851600
1219,Witch,NPC24.png,NPC24,15,3,209,100000006|115602001,0,352665000,13072500,13115651,486274,1808800,476000,569000,870774,210,224226,269071,0,0,0,0,750,0,0,800,0,0,0,696153000
1220,Witch Elf,NPC18.png,NPC18,15,2,210,115602001|100000006,0,383805000,14315625,14353592,506437,1992000,498000,574500,893687,210,228813,274576,0,0,0,0,770,0,0,800,0,0,0,710454400
1221,Sphinx,2036.png,FTSS0,15,3,210,111101001|111101001,0,384750000,14025000,14061388,508270,1950000,500000,575000,895770,210,229230,275076,0,0,0,0,780,0,0,800,0,0,0,724755800
1222,Female Warfare,NPC33.png,NPC33,15,1,210,111101001|113101001,0,385695000,14052500,14088153,510103,1957800,502000,575500,897853,210,229647,275576,0,0,0,0,780,0,0,800,0,0,0,739057200
1223,Sky Dog,NPC32.png,NPC32,15,2,210,113101001|111101001,0,386640000,14080000,14114918,511936,1965600,504000,576000,899936,210,230064,276077,0,0,0,0,780,0,0,800,0,0,0,753358600
1224,Fire sacrifice,NPC31.png,NPC31,15,3,210,113101001|113102001,0,387585000,14107500,14141684,513769,1973400,506000,576500,902019,210,230481,276577,0,0,0,0,780,0,0,800,0,0,0,767660000
1225,Soul Reaper,NPC4.png,NPC4,15,1,211,113101001|113101001,0,432432000,15415400,15415400,600600,2342340,600600,600600,1001000,215,250250,300300,0,0,0,0,875,0,0,800,0,0,0,781961400
1226,Dark Elf,NPC6.png,NPC6,15,3,211,113102001|113101001,0,432864000,15430800,15430800,601200,2344680,601200,601200,1002000,215,250500,300600,0,0,0,0,875,0,0,800,0,0,0,796262800
1227,Wraith,NPC6.png,NPC6,15,1,211,113102001|113102001,0,433296000,15446200,15446200,601800,2347020,601800,601800,1003000,215,250750,300900,0,0,0,0,875,0,0,800,0,0,0,810564200
1228,Shadow Sage,2012.png,NPC44,15,2,211,114801001|113102001,0,433728000,15461600,15461600,602400,2349360,602400,602400,1004000,215,251000,301200,0,0,0,0,875,0,0,800,0,0,0,824865600
1229,Lucifer,2024.png,LLS2,15,3,211,114801001|112401001,0,434160000,17024700,17024700,663300,2586870,663300,663300,1105500,215,276375,331650,0,0,0,0,880,0,0,800,0,0,0,839167000
1230,Evil Governer,NPC13.png,NPC13,15,3,212,114801001|114802001,0,474696000,17124450,17124450,624600,2560860,624600,624600,1041000,215,260250,312300,0,0,0,0,915,0,0,800,0,0,0,853468400
1231,White Bone Princess,NPC4.png,NPC4,15,1,212,114801001|111101001,0,475152000,16776200,16776200,625200,2500800,625200,625200,1042000,215,260500,312600,0,0,0,0,915,0,0,800,0,0,0,867769800
1232,Evil Knight,NPC2.png,NPC2,15,2,212,114801001|114801001,0,475608000,16792300,16792300,625800,2503200,625800,625800,1043000,215,260750,312900,0,0,0,0,915,0,0,800,0,0,0,882071200
1233,Eye of Samsara,NPC16.png,NPC16,15,1,212,111501001|114802001,0,476064000,16808400,16808400,626400,2505600,626400,626400,1044000,215,261000,313200,0,0,0,0,915,0,0,800,0,0,0,896372600
1234,Poseidon,2002.png,BSD2,15,3,212,114801001|111501001,0,476520000,18506950,18506950,689700,2758800,689700,689700,1149500,215,287375,344850,0,0,0,0,920,0,0,800,0,0,0,910674000
1235,Dragon Priest,NPC16.png,NPC16,15,1,213,111501001|111501001,0,492936000,17404100,17404100,648600,2594400,648600,648600,1081000,220,270250,324300,0,0,0,0,955,0,0,800,0,0,0,924975400
1236,Beria,NPC8.png,NPC8,15,2,213,111501001|124801001,0,493392000,17420200,17420200,649200,2596800,649200,649200,1082000,220,270500,324600,0,0,0,0,955,0,0,800,0,0,0,939276800
1237,Enenra,NPC4.png,NPC4,15,3,213,124801001|114801001,0,493848000,17436300,17436300,649800,2599200,649800,649800,1083000,220,270750,324900,0,0,0,0,955,0,0,800,0,0,0,953578200
1238,Frost Dragon,NPC1.png,NPC1,15,1,213,124801001|112401001,0,494304000,17452400,17452400,650400,2601600,650400,650400,1084000,220,271000,325200,0,0,0,0,955,0,0,800,0,0,0,967879600
1239,Hades,2048.png,HDS2,15,2,213,124802001|124802001,0,494760000,19215350,19215350,716100,2864400,716100,716100,1193500,220,298375,358050,0,0,0,0,960,0,0,800,0,0,0,982181000
1240,Blue Dragon King,NPC48.png,NPC48,15,3,214,124801001|124802001,0,550176000,19657330,19657330,687720,2888424,687720,687720,1146200,220,286550,343860,0,0,0,0,995,0,0,800,0,0,0,996482400
1241,Maid of Demonlord,2019.png,NMXS0,15,1,214,110002001|114002001,0,551232000,19293120,19293120,689040,2825064,689040,689040,1148400,220,287100,344520,0,0,0,0,995,0,0,800,0,0,0,1010783800
1242,Glory Angel,NPC51.png,NPC51,15,2,214,114002001|110002001,0,552288000,19330080,19330080,690360,2830476,690360,690360,1150600,220,287650,345180,0,0,0,0,995,0,0,800,0,0,0,1025085200
1243,Little Devil,NPC19.png,NPC19,15,3,214,110002001|114602001,0,553344000,19367040,19367040,691680,2835888,691680,691680,1152800,220,288200,345840,0,0,0,0,995,0,0,800,0,0,0,1039386600
1244,Gabriel,2003.png,LXF0,15,1,214,114602001|110002001,0,554400000,21344400,21344400,762300,3125430,762300,762300,1270500,220,317625,381150,0,0,0,0,1000,0,0,800,0,0,0,1053688000
1245,Gabriel,2003.png,LXF0,15,1,215,114602001|114002001,0,592416000,20734560,20734560,740520,3036132,740520,740520,1234200,225,308550,370260,0,0,0,0,1035,0,0,800,0,0,0,1067989400
1246,Argus,2022.png,BLDD0,15,2,215,114002001|114602001,0,593472000,20771520,20771520,741840,3041544,741840,741840,1236400,225,309100,370920,0,0,0,0,1035,0,0,800,0,0,0,1082290800
1247,Shadow Servant,2017.png,LFE0,15,3,215,110002001|111102001,0,594528000,20808480,20808480,743160,3046956,743160,743160,1238600,225,309650,371580,0,0,0,0,1035,0,0,800,0,0,0,1096592200
1248,Apep,2029.png,APP1,15,1,215,114002001|111102001,0,595584000,20845440,20845440,744480,3052368,744480,744480,1240800,225,310200,372240,0,0,0,0,1035,0,0,800,0,0,0,1110893600
1249,Shadow Demon,NPC52.png,NPC52,15,2,215,114602001|111102001,0,596640000,22970640,22970640,820380,3363558,820380,820380,1367300,225,341825,410190,0,0,0,0,1040,0,0,800,0,0,0,1125195000
1250,Earthly Giant,NPC22.png,NPC22,15,2,216,115702001|111102001,0,667941120,23656248,23656248,795168,3419222,795168,795168,1325280,225,331320,397584,0,0,0,0,1075,0,0,800,0,0,0,1139496400
1251,Warden of Souls,2035.png,AD0,15,3,216,111102001|115202001,0,654635520,23284800,23284800,798336,3353011,798336,798336,1330560,225,332640,399168,0,0,0,0,1075,0,0,800,0,0,0,1153797800
1252,Venomous King,NPC25.png,NPC25,15,1,216,111102001|100110001,0,657233280,23377200,23377200,801504,3366317,801504,801504,1335840,225,333960,400752,0,0,0,0,1075,0,0,800,0,0,0,1168099200
1253,Ogre,NPC22.png,NPC22,15,2,216,100110001|111102001,0,659831040,23469600,23469600,804672,3379622,804672,804672,1341120,225,335280,402336,0,0,0,0,1075,0,0,800,0,0,0,1182400600
1254,Gabriel,2003.png,LXF0,15,3,216,100110001|114602001,0,662428800,25918200,25918200,888624,3732221,888624,888624,1481040,225,370260,444312,0,0,0,0,1080,0,0,800,0,0,0,1196702000
1255,Soul Reaper,NPC4.png,NPC4,15,1,217,114602001|100110001,0,755948160,26888400,26888400,921888,3871930,921888,921888,1536480,225,384120,460944,0,0,0,0,1115,0,0,800,0,0,0,1211003400
1256,Dark Elf,NPC6.png,NPC6,15,3,217,114602001|115702001,0,758545920,26980800,26980800,925056,3885235,925056,925056,1541760,225,385440,462528,0,0,0,0,1115,0,0,800,0,0,0,1225304800
1257,Wraith,NPC6.png,NPC6,15,1,217,115702001|114602001,0,761143680,27073200,27073200,928224,3898541,928224,928224,1547040,225,386760,464112,0,0,0,0,1115,0,0,800,0,0,0,1239606200
1258,Shadow Sage,2012.png,NPC44,15,2,217,111102001|111102001,0,763741440,27165600,27165600,931392,3911846,931392,931392,1552320,225,388080,465696,0,0,0,0,1115,0,0,800,0,0,0,1253907600
1259,Lucifer,2024.png,LLS2,15,3,217,100110001|115702001,0,766339200,29983800,29983800,1028016,4317667,1028016,1028016,1713360,225,428340,514008,0,0,0,0,1120,0,0,800,0,0,0,1268209000
1260,Evil Governer,NPC13.png,NPC13,15,3,218,100110001|100110001,0,901802880,32419464,32419464,1048608,4613875,1048608,1048608,1747680,230,436920,524304,0,0,0,0,1155,0,0,800,0,0,0,1282510400
1261,White Bone Princess,NPC4.png,NPC4,15,1,218,112201001|112201001,0,883491840,31903872,31903872,1051776,4522637,1051776,1051776,1752960,230,438240,525888,0,0,0,0,1155,0,0,800,0,0,0,1296811800
1262,Evil Knight,NPC2.png,NPC2,15,2,218,112201001|114001001,0,886152960,31999968,31999968,1054944,4536259,1054944,1054944,1758240,230,439560,527472,0,0,0,0,1155,0,0,800,0,0,0,1311113200
1263,Eye of Samsara,NPC16.png,NPC16,15,1,218,114001001|112201001,0,888814080,32096064,32096064,1058112,4549882,1058112,1058112,1763520,230,440880,529056,0,0,0,0,1155,0,0,800,0,0,0,1325414600
1264,Poseidon,2002.png,BSD2,15,3,218,112201001|115002001,0,891475200,35411376,35411376,1167408,5019854,1167408,1167408,1945680,230,486420,583704,0,0,0,0,1160,0,0,800,0,0,0,1339716000
1265,Dragon Priest,NPC16.png,NPC16,15,1,219,112201001|114002001,0,970510464,35046211,35046211,1155370,4968089,1155370,1155370,1925616,230,481404,577685,0,0,0,0,1195,0,0,800,0,0,0,1354017400
1266,Beria,NPC8.png,NPC8,15,2,219,114001001|114002001,0,972373248,35113478,35113478,1157587,4977625,1157587,1157587,1929312,230,482328,578794,0,0,0,0,1195,0,0,800,0,0,0,1368318800
1267,Enenra,NPC4.png,NPC4,15,3,219,114001001|114502001,0,974236032,35180746,35180746,1159805,4987161,1159805,1159805,1933008,230,483252,579902,0,0,0,0,1195,0,0,800,0,0,0,1382620200
1268,Frost Dragon,NPC1.png,NPC1,15,1,219,114001001|115002001,0,976098816,35248013,35248013,1162022,4996696,1162022,1162022,1936704,230,484176,581011,0,0,0,0,1195,0,0,800,0,0,0,1396921600
1269,Hades,2048.png,HDS2,15,2,219,114001001|113002001,0,977961600,38846808,38846808,1280664,5506855,1280664,1280664,2134440,230,533610,640332,0,0,0,0,1200,0,0,800,0,0,0,1411223000
1270,Hydra,NPC13.png,NPC13,15,3,219,115001001|114601001,0,1026482688,37423848,37423848,1166458,5249059,1166458,1166458,1944096,230,486024,583229,0,0,0,0,1200,0,0,800,0,0,0,1425524400
1271,Blue Dragon King,NPC48.png,NPC48,15,3,220,115001001|114502001,0,1069903296,39188318,39188318,1244074,5473924,1244074,1244074,2073456,235,518364,622037,0,0,0,0,1235,0,0,800,0,0,0,1439825800
1272,Maid of Demonlord,2019.png,NMXS0,15,1,220,115001001|114001001,0,1071810432,39258173,39258173,1246291,5483681,1246291,1246291,2077152,235,519288,623146,0,0,0,0,1235,0,0,800,0,0,0,1454127200
1273,Glory Angel,NPC51.png,NPC51,15,2,220,114601001|114502001,0,1073717568,39328027,39328027,1248509,5493439,1248509,1248509,2080848,235,520212,624254,0,0,0,0,1235,0,0,800,0,0,0,1468428600
1274,Little Devil,NPC19.png,NPC19,15,3,220,114601001|113002001,0,1075624704,39397882,39397882,1250726,5503196,1250726,1250726,2084544,235,521136,625363,0,0,0,0,1235,0,0,800,0,0,0,1482730000
1275,Gabriel,2003.png,LXF0,15,1,220,114601001|115402001,0,1077531840,43414510,43414510,1378238,6064249,1378238,1378238,2297064,235,574266,689119,0,0,0,0,1240,0,0,800,0,0,0,1497031400
1276,Argus,2022.png,BLDD0,15,2,220,115001001|115002001,0,1079438976,39537590,39537590,1255162,5522711,1255162,1255162,2091936,235,522984,627581,0,0,0,0,1240,0,0,800,0,0,0,1511332800
1277,Erebus,2031.png,ERBS0,15,3,220,112201001|115402001,0,1081346112,39607445,39607445,1257379,5532468,1257379,1257379,2095632,235,523908,628690,0,0,0,0,1240,0,0,800,0,0,0,1525634200
1278,Faceless banshee,NPC20.png,NPC20,15,1,220,115002001|115402001,0,1083253248,39677299,39677299,1259597,5542226,1259597,1259597,2099328,235,524832,629798,0,0,0,0,1240,0,0,800,0,0,0,1539935600
1279,Earthly Giant,NPC22.png,NPC22,15,2,220,114502001|115402001,0,1085160384,39747154,39747154,1261814,5551983,1261814,1261814,2103024,235,525756,630907,0,0,0,0,1240,0,0,800,0,0,0,1554237000
1280,Warden of Souls,2035.png,AD0,15,3,220,115001001|113002001,0,1137628800,50434877,50434877,1516838,6977457,1516838,1516838,2528064,235,632016,758419,0,0,0,0,1245,0,0,800,0,0,0,1568538400
1281,Bear Lady,2007.png,XN0,15,1,220,113902001|113902001,0,1114299648,41364154,41364154,1266250,5698123,1266250,1266250,2110416,235,527604,633125,0,0,0,0,1245,0,0,800,0,0,0,1582839800
1282,Fire sacrifice,NPC31.png,NPC31,15,2,220,113901001|113902001,0,1116251136,41436595,41436595,1268467,5708102,1268467,1268467,2114112,235,528528,634234,0,0,0,0,1245,0,0,800,0,0,0,1597141200
1283,Black Dragon,NPC46.png,NPC46,15,3,220,115501001|113902001,0,1118202624,41509037,41509037,1270685,5718082,1270685,1270685,2117808,235,529452,635342,0,0,0,0,1245,0,0,800,0,0,0,1611442600
1284,Ink Lady,2046.png,YXNM0,15,1,220,123602001|113902001,0,1120154112,41581478,41581478,1272902,5728061,1272902,1272902,2121504,235,530376,636451,0,0,0,0,1245,0,0,800,0,0,0,1625744000
1285,Fox Fairy,NPC31.png,NPC31,15,2,220,123602001|115502001,0,1122105600,45819312,45819312,1402632,6311844,1402632,1402632,2337720,235,584430,701316,0,0,0,0,1250,0,0,800,0,0,0,1640045400
1286,Peacock banshee,NPC22.png,NPC22,15,3,220,115501001|115502001,0,1124057088,41726362,41726362,1277338,5748019,1277338,1277338,2128896,235,532224,638669,0,0,0,0,1250,0,0,800,0,0,0,1654346800
1287,Horse Face,NPC37.png,NPC37,15,1,220,115501001|115502001,0,1126008576,41798803,41798803,1279555,5757998,1279555,1279555,2132592,235,533148,639778,0,0,0,0,1250,0,0,800,0,0,0,1668648200
1288,Hell Maid,2015.png,YD0,15,2,220,115501001|115502001,0,1127960064,41871245,41871245,1281773,5767978,1281773,1281773,2136288,235,534072,640886,0,0,0,0,1250,0,0,800,0,0,0,1682949600
1289,Venomous King,NPC25.png,NPC25,15,3,220,123601001|113902001,0,1129911552,41943686,41943686,1283990,5777957,1283990,1283990,2139984,235,534996,641995,0,0,0,0,1250,0,0,800,0,0,0,1697251000
1290,Tree Essence,NPC23.png,NPC23,15,1,220,123601001|123602001,0,1183311360,53120390,53120390,1543450,7254213,1543450,1543450,2572416,235,643104,771725,0,0,0,0,1255,0,0,800,0,0,0,1711552400
1291,Shadow Sage,NPC44.png,NPC44,15,2,220,125202001|113902001,0,1159583040,43591733,43591733,1288426,5926758,1288426,1288426,2147376,235,536844,644213,0,0,0,0,1255,0,0,800,0,0,0,1725853800
1292,Isis,2021.png,YXS0,15,3,220,113902001|125202001,0,1161578880,43666762,43666762,1290643,5936959,1290643,1290643,2151072,235,537768,645322,0,0,0,0,1255,0,0,800,0,0,0,1740155200
1293,Idun,2015.png,YD0,15,1,220,123601001|125202001,0,1163574720,43741790,43741790,1292861,5947160,1292861,1292861,2154768,235,538692,646430,0,0,0,0,1255,0,0,800,0,0,0,1754456600
1294,Witch,NPC24.png,NPC24,15,2,220,115501001|125202001,0,1165570560,43816819,43816819,1295078,5957361,1295078,1295078,2158464,235,539616,647539,0,0,0,0,1255,0,0,800,0,0,0,1768758000
1295,Verdandi,2022.png,BLDD1,15,3,220,115501001|125202001,0,1167566400,48281033,48281033,1427026,6564318,1427026,1427026,2378376,235,594594,713513,0,0,0,0,1260,0,0,800,0,0,0,1783059400
1296,Queen of Centaur,2023.png,XF0,15,1,220,125202001|115501001,0,1169562240,43966877,43966877,1299514,5977763,1299514,1299514,2165856,235,541464,649757,0,0,0,0,1260,0,0,800,0,0,0,1797360800
1297,Sif,2023.png,XF0,15,2,220,123602001|115502001,0,1171558080,44041906,44041906,1301731,5987964,1301731,1301731,2169552,235,542388,650866,0,0,0,0,1260,0,0,800,0,0,0,1811662200
1298,Snake Demon,NPC24.png,NPC24,15,3,220,115501001|123602001,0,1173553920,44116934,44116934,1303949,5998164,1303949,1303949,2173248,235,543312,651974,0,0,0,0,1260,0,0,800,0,0,0,1825963600
1299,Dark Dragon,NPC28.png,NPC28,15,1,220,115501001|123602001,0,1175549760,44191963,44191963,1306166,6008365,1306166,1306166,2176944,235,544236,653083,0,0,0,0,1260,0,0,800,0,0,0,1840265000
1300,Odin,2035.png,AD0,15,3,220,123602001|123602001,0,1229880960,54952128,54952128,1570061,7536292,1570061,1570061,2616768,235,654192,785030,0,0,0,0,1265,0,0,800,0,0,0,1854566400
